PlaceId,Name,Phone,Addr,Photos
ChIJF7s7cdQpRI4Rjjsur8Enqkk,The Pit Stop Hostel,(4) 3521176,Cra. 43e #5110,10
ChIJ32-qAtopRI4RAhMS0Qn78y8,Mekatos La 65,,4,0
ChIJV_ho8SkoRI4RIPad4Ks_H9I,Lupe,,Cl. 8a,0
ChIJx2v1JyooRI4RkKlWDMl0T94,Bar Bourbon,,Cra. 40 #9-26,0
ChIJsbL7fykoRI4RGVPtaUDoTtg,zona 10,,Cl. 10 #40-29,0
ChIJGSMP8CkoRI4R9PIv6b0BkZM,Jamrock Bar,,Cra. 37a #37A-13,0
ChIJNwlQASkoRI4RLE2RqbGpVP0,Carmen,(4) 3119625,Cra. 36 #10a-27,10
ChIJU50sCyUoRI4RXRFASyqT-fs,San Carbón,(4) 4447602,Las Lomas,10
ChIJz1IA2NIpRI4ReEvYX4pwVeA,Bar El Solar,,Cra. 48,0
ChIJVVtSkikoRI4RU6e_Cn3uiN0,Basílica,(4) 3117366,Cl. 9 #38,10
ChIJ7Rg1-ykoRI4RFLhuS_ov1UM,Hooters Medellín,(4) 4488440,Cra. 37a #844,10
ChIJ77nAmYKCRo4RhJzA9msoFnU,Restaurante Mistura Provenza,(4) 3225142,Cra. 33 #7-55,10
ChIJtY-BXCooRI4RXsB2lfZfp-8,Morena (The Colombomexicano Museum),301 4611576,Cra. 38 #8-54,10
ChIJebEL-SkoRI4RcXaj3HEEDJU,La Octava Bar,(4) 5831783,Cl. 8 #3749,10
ChIJrZawviooRI4RSzUuHINXVEM,Restaurante Hummus Grill & Wine,(4) 3112656,Cl. 6 #43c12,10
ChIJCe3ifikoRI4RP_Z94x3tVJ8,The Blue Bar,(4) 2663047,Cl. 10,10
ChIJRelu3SkoRI4RVUM4Vd0z8Ok,Inkwell Tinto coffee bar,(4) 5802924,Cra. 43b #10-12,10
ChIJsdK0_yooRI4R3SLRo1_xQQ8,Latineria,,Cl. 9 #43b 17,5
ChIJo0rkBSkoRI4RKoVgJe-QgAQ,Rubor Barra Dance,314 6798104,Cra. 37 #10A-22,0
ChIJjekrsykoRI4R5VqUzoazgCU,Mokana Bar,,Cl 10A #01-115,0
ChIJVXMcLCgoRI4RXngpIqnJQCg,Bogotá Beer Company,(4) 3113060,Cra. 34 #7165,10
ChIJlYYMiIKCRo4RABARTwxAofw,Sindominio Artbar,(4) 3123714,Cra. 35 #730,3
ChIJ6cNCzikoRI4R71Ms2BxVfUg,La flauteria,(4) 3115516,Cra. 35 #8A-39,0
ChIJVdJCyikoRI4Ru-EbiwumVLY,Mojito Salsa Guaracha y Son.,(4) 3125364,Cra. 35 #8 A - 38,8
ChIJWxwBzCkoRI4RJuPtaaE8bbw,Altagracia Café/Bar,(4) 3126877,Cra. 35 #8A-81,10
ChIJWWii0SkoRI4RcaBsPS4kfFU,AltaGracia Café/Bar,(4) 3126877,Cra. 35 #8A-81,10
ChIJd7cWyikoRI4RmauPHhkEEK8,Cubata Bar,300 2429880,Cra. 35 #8A-89,10
ChIJFz1RTigoRI4RucjDiZDThtU,savannah city bar restaurante,(1) 2667461,l 1007,0
ChIJT9CXxCkoRI4RWgx0fHHVU50,heard from,,#8a- a,7
ChIJz93C7SkoRI4ReJF2sB3HdP0,Antiguo Jamrock,,Cra. 36 #8A-53,10
ChIJ-8XP5ikoRI4RbGXZfyvahi4,37 Park,(4) 3115781,Cra. 37 #8A - 4,10
ChIJozGf4ykoRI4RIJvSDLU8ToU,LA CURVA BAR,(4) 3113386,Carrera 37 #8-15,10
ChIJz33pvSkoRI4RHbiK-IGJEbQ,Envy Sushi Bar,(4) 4444968,Cl. 9a #37-16,0
ChIJywXK5CkoRI4REfSaHo6xXCc,La Central Bar,312 7437079,Cra. 37a #8a-28,7
ChIJAa567CkoRI4RKt8qX61DqOM,Chupitos,312 7437079,#8a- a 8a-,10
ChIJz33pvSkoRI4Rp3jsj_c-VNw,Envy rooftop,(4) 4444968,Calle 9a #37-16,10
ChIJzyWglCkoRI4RTfYoXPlHe7E,Basilica,(4) 4487012,Cra. 38 #8a-42,6
ChIJeXm3pikoRI4RQRkGnTuOPGs,BarChiquita,316 7448466,Cra. 37 #10-37,10
ChIJXTeqpikoRI4RSKjD3927Lis,Jenson's Bar,312 8700983,Carrera 37 #10-29,3
ChIJL2Ky_CkoRI4R1CC4nQz0Tis,Pub Rock Lleras,(7) 9790671,Cra. 37a #812,10
ChIJd9Yl_SkoRI4RY19SKQJNgXU,Pa' Entro Fonda Bar,313 5714654,Cra. 37a #70,0
ChIJ0bOJoikoRI4RyEEFnGeDR28,ADDICT SHOTS,319 6435086,Cl. 10 #3741,10
ChIJsVPAkykoRI4Rr9V73br8HNg,ay caramba The original TEX MEX,(4) 4489942,Cl. 9,7
ChIJF4PH85ApRI4Rx5wOlKM1ljU,Holy Shop Fonda,312 7437079,Cra. 38 #842,10
ChIJC2bDKDcoRI4Rn42144DWoxw,SkyBar Medellín,(4) 2664449,Lleras Park Carrera 38 #8-83,10
ChIJtwHN8ikoRI4RMa_dp1c7v-Y,Juan Bala Fonda,312 7437079,Cra. 38 #895,2
ChIJ7cX7jvkoRI4REsqc6fBK74o,Mi Lupe Lleras,301 4611576,#8-59,5
ChIJFRRr-SkoRI4RyCoD4tehKnc,La Clínica,300 2334708,Calle 8 # 37a41,0
ChIJ1Za3mykoRI4R4jQRfeXfnhs,Donde Aquellos,(4) 3122041,Cra. 38 #9A-26,10
ChIJP4WXmykoRI4R9sSs9UE47VM,IWANNA ICE,,Local 102,0
ChIJjddanCkoRI4R4PVyTJnndow,Baren,300 6403999,Cra. 38 #1013,10
ChIJOytA9ikoRI4RggVGQbqwzJo,Donde Su Madre,304 4421130,Cra. 39 #826,4
ChIJUy8S-CkoRI4Rv1hsF6ba-gg,LA CHINGONA,300 2334708,Cra. 39 #7124,10
ChIJBWro5ygoRI4RDykse088WY8,Bruno Forno e Vino,(4) 2663445,Cra. 35 #10b - 33,10
ChIJZw209SkoRI4RQMWUNcp-pIU,Donde Chepe DOS,,a 8-124,0
ChIJSUJ2-CkoRI4RfVfQUpRx2D8,The Medellin Terrace,319 4958218,Cra. 39 #7 - 100,0
ChIJMcnX9ykoRI4RWnS7Xvn4uxY,Hey Bonita Lleras,300 2334708,a 8-123,10
ChIJfRdhiSkoRI4RYjN6Nu_mLg4,Beer Store,(4) 2683056,Esquina Calle 9,5
ChIJ9dyLhikoRI4R1IEZoWSmNOo,Bar Restaurante Divino Cielo,,Cl. 9a #38-90,7
ChIJu6FXgikoRI4RLxASE9Snyas,Midnight Bar,(4) 2681354,Cl. 10 #3855,3
ChIJQZIBZ0woRI4Rg8sDNVGGObI,El Oso Negro,(4) 2621010,Cra. 44a #Calle 33,0
ChIJlS43fpcpRI4RianzCuqodkI,Underground,,Av. 33,2
ChIJueG9G64pRI4R3mM0H_HGaM4,lunalunera medellin,320 6646061,Av. 33 #63b-215,10
ChIJIVN8PAgpRI4RUvzE747ViOw,The Wandering Paisa,(4) 4366759,Cl 44A #68A-76,10
ChIJKeX95a8pRI4R8U_FUdki8z0,NUESTRO BAR,310 5054105,Av. 33 #65B-67,10
ChIJtewMuBEpRI4RfpFTWbVYloI,Viva Discoteca,,Cra. 74 #49B-25,10
ChIJ7V9VR_koRI4RfGZenTbGUoQ,Licorera Nutibara,(4) 5113461,Cl. 52a #50 46,0
ChIJy-nF-JkpRI4RaHGze8ad5i8,ALBENZU Restaurante Bar,(4) 4449921,Cra. 81 #33A-07,10
ChIJmyvuVL0pRI4RiQgK9H-YVSE,Vertigo Bar,(4) 4128990,Av. 33 #76-124,10
ChIJvxLfFRMpRI4RxOTh9wQmhFg,Casa di Mazza,(4) 4487492,Cra. 79 #79-5,10
ChIJt8Fiv5YpRI4Rh29jjitqzQY,Albenzu ® Restaurante - Bar,(4) 4449921,Cra. 81 #32-92,0
ChIJEbyX_qUpRI4RpfaRtVVLXbw,café restaurante bar luna more,,Cq. 2 #C1-21,3
ChIJMU5pUQgpRI4RRNGUGGhfIJE,Fonda Cana Brava,(4) 5826741,Cra. 70 #45E-51,10
ChIJ5WhOmPooRI4RGtYe3tQ6doY,Plazarte Cultural Center,(4) 5867719,Cra. 50 #5932,10
ChIJN0HUwacpRI4RUNpnXEC0fp8,Parche Casa Verde,300 6736321,Cl. 42a #68A-10,1
ChIJEyQii6cpRI4RHY-VEb3qNQo,RESTAURANTE GRAN PLAZA,(4) 2606644,San Juan #68A-51,0
ChIJk08RWKYpRI4RjjfWrrHejq0,Mariachis en Medellin Los Reyes de Mexico Mariachis economicos.,312 8789083,Cq. 3 #6922,10
ChIJPwpQ_KMpRI4RLiivJMq-R3s,Barrio Central Cafe Bar,301 5709107,Cq. 2,10
ChIJcz6896YpRI4ReoxLG84-BIo,BarC2,300 2157700,Cq. 3 #69-39,10
ChIJcRQEfEooRI4R7idY57w49wI,Carboncito Bar,(4) 5061764,Avenida 33 #64 -150,10
ChIJ03xS-aYpRI4RGjxN2g0A5jM,La Tienda de la 70,304 3255426,Cra. 70 #73-28,10
ChIJjfkjCqcpRI4RBdOY7GQ6fNI,Melody for Two,(4) 4443532,Cra. 70 #5-22,10
ChIJsekFFa4pRI4RNHJM4VAdmLA,Mariachi Mexicanisimo,(1) 5969551,Av. 33 #61-33,0
ChIJp2_g-qYpRI4RllOCCEflygo,Bodega de Licores,(4) 4164086,Cra. 70,10
ChIJZwHY8a8pRI4R3Cb8IdMbTEc,TROPICAL COCTAILS LAURELES,,Av. 33 #8044,0
ChIJ5ZtHLQgpRI4RxN1AKGIDKs4,EL CACIQUE BAR,(4) 2601830,Cra. 70 #4434,10
ChIJ-YwS5q0pRI4R874b52SdeHg,KINGS TOWN,300 6134518,Av. 33 #63-99,1
ChIJS1HKZKcpRI4RZPUYmausv30,La Cantina de Pancho,310 3577488,#43- a,0
ChIJl5bAaggpRI4RILvRuVLDDbo,El Tibiri,310 8495461,Cl. 44b #703,1
ChIJ88E0JqUpRI4R08Dv-ra7UCI,Bar 4ta Dimensión,(4) 2653227,B-44 Bulerias,0
ChIJwQ_qLQQpRI4RLCPUEvthiDI,L'arepa,(4) 2608644,Cl. 48d #65 A - 50,0
ChIJ73U_faMpRI4RUXAL3BlENV0,Bikini Cocktails Laureles,300 8280505,a 39a-67,0
ChIJF0WOoaQpRI4R5f40V-ormGM,Samsara Resto Bar,,Tv. 39a #70a28,4
ChIJHb6HqQUpRI4R69B0Y8WobVg,alitacos,311 7788738,Cl. 49b #6711,10
ChIJ59BL_qApRI4RK_WBILwzlBU,Restaurante Mistura Laureles,(4) 3225142,Av 39 d #74 - 62,10
ChIJ7XJmVaApRI4RunBzBByspto,Ay Caramba,(4) 4121716,Cl. 40 #74B-17,10
ChIJGxEKoAMpRI4RBONLNoGQZwg,Eventos y Chef a Domicilio,(4) 5824893,Cl. 52 #64B,0
ChIJzxLlrKEpRI4Rz8P5EsmB6Jc,Mezzaluna salad bar,(4) 3668793,Cq. 74 #39b-93,10
ChIJHyZZLaMpRI4RoTGcxxE4MWE,Santa Bebeta,(4) 4115286,127,1
ChIJ-YSQRwUpRI4RXFM_4kUB0Gk,Cunachos,(4) 2609285,60,0
ChIJC2uIKqMpRI4RcRyxQscwANs,karaoke palmas 33,316 6254456,Av. 33 #74e137,10
ChIJT9gstlUoRI4RfH-4DPvOcU4,Salón Málaga,(4) 2312658,Cra. 51 #45-80,10
ChIJUc8j-Q8pRI4R54MbKasyCTg,Camino Real de México,(4) 5965904,Cra. 70 #50-35,0
ChIJwxPwxFUoRI4RxbF-V2gcgZ4,Universo Rojo,(4) 5118744,Cl. 46 #50-29,7
ChIJUR2Ly6IpRI4Rgn4QuKFqSWE,El Barrilito,320 7123727,Avenida 33 Nº75C-66,8
ChIJL7qVJ_8oRI4R5cVuTratwFw,EL COVACHO,(4) 5116248,Carabobo #51-10 2do piso,2
ChIJo4NYDA4pRI4RLc1MxeCUJMI,Portal Marinillo,(4) 2303939,Cra. 74 #48 B - 23,7
ChIJVevUrKIpRI4RqYC5s6bBvcc,Teres Café Bar,(4) 5585123,Av. 33 #76 - 20,6
ChIJb_Wm2w0pRI4Rlv-0OQpMcew,Hotel Confort Obelisco,(4) 4342367,Cra. 75 #48B-43,2
ChIJwftn_5cpRI4RWJvGNykMbPY,El Grifo Bar,,Av. 33 #76132,0
ChIJlcQn9pcpRI4RfW6EQvDsp6I,LA CANTERA LIQUOR,,Av. 33 #7817,0
ChIJadQL6_goRI4REGkIf-mkwT8,GANA,(4) 4444441,Cl. 51 #49-20,0
ChIJ-z4WHpgpRI4RgHNRR_J9x_E,Tortugos,(4) 5874914,Av. 33 #7860,4
ChIJf6qx-vgoRI4RH4JR7CD7vlU,Friends Club,(4) 5129102,Cra. 49 #5253,0
ChIJW1q74b0pRI4RRULqbfAgHBQ,Simón Parrilla,(4) 2386691,Cra. 76 #32-13,10
ChIJnQG2ivgoRI4RYvQdtkecOjs,Bar Restaurante Hatoviejo Centro,2512196,Cra. 47 #52-17,4
ChIJNYulvpQpRI4R4IlHg1fBW3o,Fonda Discoteca El Tapial,301 3723611,Cra. 81 #28-66,10
ChIJy9jtfZcpRI4Rp4CTKyLxZ1Q,Citrus Bar,(4) 4127394,Av. 33,7
ChIJCcFvVmqFP44RKaGa2Szj6cI,Lancaster House,(1) 6291100,Paralela Autonorte 106B-28,10
ChIJO_5GJ5GaP44R1dWA5h03Ffo,Hotel Movich Chico 97,(6) 3113337,Cra. 11b #97-3,10
ChIJCbP2WfWaP44RXkMkzGltsAo,Andrés DC,(1) 8612233,Calle 82 #12-21 Dentro del centro comercial El Retiro,10
ChIJB-tLPZKaP44RuPSiGej_8Zg,Bardot,314 7976749,Bogotá,0
ChIJCZp6xfSaP44RP4YQ7xqpwFk,Pachanga,,Bogotá,0
ChIJE_a1542aP44RCnaEO4hJuys,Palco 93,,Bogotá,0
ChIJF-rfk7aaP44RM4Zfzhz6TxY,Full 80's 118,(1) 3000586,Kr 19 #118-52,10
ChIJrcVQZ_WaP44Rr0CwNsfTygA,Tresor Lounge Bar,,Cra. 13,0
ChIJFYYLVpGaP44RstPeDwlDUc4,Gaira,(1) 7462696,Cra. 13 #96-11,10
ChIJtdmq6IqaP44RPf1YdCKZGLE,Apolo's Men,(1) 2575443,18,10
ChIJIbiGXvWaP44R9u_YXpWCbS0,Spin,,Cl. 82 #12-84,0
ChIJRUE_HZqaP44R5h_yU2XXGGE,Juan Valdez,(1) 3383838,Ac. 100 #7A-81,9
ChIJY0T30pCaP44RxF6VIydhJ8M,Bar Terraza del Valle,,Ak. 11 #97-31,0
ChIJCZVSevWaP44Ravu0WTrkVTk,Yazta,,Cl. 81 #12-95,0
ChIJySSlvV-aP44RXCAcazD0e9s,Mar De Fondo,,Bogotá,0
ChIJWbh3NPWaP44Rqh_8tZp5wME,The Irish pub,(1) 6918711,Cra. 12a #8348,10
ChIJJfMHBreaP44R5r_xNzWIiOA,Viva Brasil Rodizio,(1) 2137686,Kr 19 #114a27,10
ChIJJXV9BAiQP44Rj_ngrpzkkWc,El Rodizio,,Cl. 119 #5-08,0
ChIJk61CN_WaP44RLE2NnngVnW8,Casa De La Cerveza,(1) 6348910,Zona T,10
ChIJ2QD9kqeaP44RUrDl5aE415A,KATHMANDU,(1) 2133276,Cra. 6 #117-26,10
ChIJ32MxZq2aP44RwhG6OFfo0Bk,Clinica La Carolina,(1) 5681613,Cra. 14 #127-36,2
ChIJ12o91oqaP44Rk6PznLeCoJ8,La Hamburgueseria,(1) 6102001,Calle 85 #12-49,10
ChIJh-LkWvWaP44REqQs27cR4Lc,Tribeca,6912290,Cra. 15 #88-71,9
ChIJ3cBTzbCaP44RidpoCMOwrjs,Beer Station 116,317 5051476,Cl. 116 #1559,10
ChIJiQ1r06iaP44RCQZMLSUzMMg,Tienda de Cafe,(1) 2133118,Cl. 119 #6-16,10
ChIJ7UZv5I2aP44Rck7jbtZeEgU,Gallery Café Book,(1) 2252369,Bogotá,10
ChIJweNVAKiaP44RhzSW8hYiE04,bistronomy,320 4515668,Cra. 6 #119-24,10
ChIJqapO4PSaP44RDhKyQbDwU-4,La Villa,311 4920249,Cra. 14a #83-56,10
ChIJ_5GqPZKaP44RYlgGAwzwA7I,Balche Wine Bar,,Bogotá,0
ChIJ-3NqNvWaP44R_qWzZQD08Ic,Voila,,Cra. 12 #84-12,0
ChIJac7rHwiQP44R7rdMw6o9ZRA,LA PUERTA DE ALCALA,311 5528783,Cl. 118 #5-13,10
ChIJtylzwkOFP44RQdYz-PH1vG0,Bogota Beer Company,(1) 7429292,Avenida 19 #139 – 07,10
ChIJ6-8qwqeaP44Rkkoe2914LYU,The Irish pub,(1) 2134157,Cra. 6a #11745,10
ChIJDwvBZvWaP44RvEqQMJT8tow,Rock Garden Pub,,Cra. 6 #119b,0
ChIJjYdg9o2aP44RiBB4kB_DF8Y,The Red Lion English pub,(1) 6917938,Cra. 12 #9354,5
ChIJdbBi_QeQP44RTfZN9PbOJ-4,Santo Pecado,(1) 6295700,Cra. 5 #119-47,10
ChIJ2XHeV7aaP44RxIXfFqeoSTc,Plaza Mexico,310 5503274,Cl. 116 #18B-80,10
ChIJs8OspfWaP44RxcbT6_Z4KaE,Caf y Crepes,,Cra. 14a #82-16,10
ChIJs_rqWfOaP44RxOZEKq-fgbc,Night Club Extasis,320 4582914,Ac. 85 #15-30,0
ChIJI5n631uaP44RPUKMBXFCT7o,Revolution Bar,,Cll 74,10
ChIJuzzq842aP44R-yJORcORx3w,La Xarcuteria 93,(1) 6165538,Cra. 12 #93-43,10
ChIJvYxbLI2aP44Rm0CKDEvgVik,Cavu Club,310 2703999,Bogotá,3
ChIJi_wiXLaaP44RIVIoKFgVAy4,Jawa,(1) 2137486,Cl. 118 #20-51,3
ChIJ06gFt_SaP44ROPxZd0ZyftY,El Df,,Bogotá,0
ChIJZdaBzrCaP44RakmnePDtXFk,Cantares,310 2119219,Cra. 17a #116 - 39,10
ChIJETiFc5KaP44RW4RQZU7zEj4,Tekila,,Bogotá,0
ChIJxRfB5_SaP44RtdYfu4Xht5k,Simona,301 3717252,Cl. 84 Bis,10
ChIJxSZJ1oqaP44RgImEbNQ7Jik,EL MOZO,313 4229260,Calle 85 #12-51,10
ChIJoympgJaaP44RQLu9rNd9yt8,Clover Pub Restaurante,(1) 5202966,A 89,0
ChIJsWCjc5KaP44R78FbkzV_p9U,La Leyenda,313 4530987,Bogotá,10
ChIJKa6C54qaP44RAbcLbK_dr3M,Khromatiko Lounge,,Cra. 12 #84-12,0
ChIJvRBgJfWaP44RjBa4RZpbwv0,Santa Bar,,Cl. 82 #12-84,0
ChIJOQUQFPWaP44RZ0TRwyU5jz8,Music Factory,,Cra. 12 #84-12,0
ChIJCSWIIvWaP44R2TAO7GIBz0Y,El Cutre,321 3810797,Carrera 14 # 83 - 08,0
ChIJj8sNzoqaP44RwTN0kezrCQc,Coconuts,,Cra. 12 #84-12,0
ChIJJwwjvpOaP44RPNhY_eI5gZU,yeira lunch & drinks,(1) 6917021,94,0
ChIJqZcUDbeaP44RD_mh_2mQAig,SHAMUA,(1) 2142691,Kr 19 #114-70,10
ChIJX5mV_7aaP44RmMm6h1426xc,La chula,321 4847329,Cl. 116 #1950,10
ChIJHbNiJKiaP44RSUg5f63Ksnk,London Calling Pub,,Cl. 120a #6A-24,10
ChIJDzb4gcSaP44ROyErZq-JRpA,Bogota Beer Company,,Cra. 53 #102a86,0
ChIJIeabMF2aP44REemPzgTQeGw,JW Marriott Hotel Bogota,(1) 4816000,Cl. 73 #8-60,10
ChIJbYnp-UGaP44RgKtBNgwuNbU,Hotel Emaus Bogotá,(1) 5442005,Cra. 4 #69a46,10
ChIJF1u71dibP44RdDorED3WHPs,Hotel Ferrovial Corferias,(1) 2695559,Cra. 40 #22-59,10
ChIJ86oK5sKbP44R4AWymT4y0P4,Hotel TRYP Bogotá Embajada,(1) 4893000,Av La Esperanza,10
ChIJI51xKEGaP44Rnj2BN0QTKpk,La Pinta,(1) 2119526,Cl. 65 #5-67,4
ChIJ_56PdzCaP44Rg0KBMgiwcxo,Kirlybang Kaffe,,Santa Fe,0
ChIJlwhwRyWaP44RoWjNr8YMEpU,Caf Bar 2600,,Bogotá,0
ChIJtRknhCiaP44RqAZm7MNprVE,Cuarto Beat,,Bogotá,0
ChIJgWVPc0aaP44RveHhLCoCHek,Le Fetiche,,Bogotá,0
ChIJZTgBbEeaP44RLbBoXfPZfuQ,Caf y Bar Castro,,Cl. 62 #7-62,0
ChIJfaJx4TiaP44RjCSjQGppMEQ,Warehouse Bar,,Bogotá,0
ChIJLcs_t0iaP44RvDUOz8R6mls,Modelos Club,,Bogotá,0
ChIJ7xrBaJqZP44R--xhhrF_t3E,La Tapería,310 3007161,N.,10
ChIJqXhNpzSaP44RJCd6otSeEu4,Colombian Pub,,72,5
ChIJD-UQZ0GaP44RN72WoOoU6fs,Astrid y Gaston,,Cra. 7 #67-64,10
ChIJBW6y76WZP44RsnGy7CNn8cM,Free Theater Chapinero,(1) 2171988,Cl. 62 #9A-65,10
ChIJ42USGUKaP44RVQtKh2CMgVE,La Hamburgesería,(1) 3213350,calle 70 # 4-69,10
ChIJCR7hX1maP44RsKZU4UEcjjM,Amarissimo,,Ak. 24 #73-43,0
ChIJA5uZ5TiaP44RWgqfDVjO-LI,Noches De Garibaldi,310 8545974,Cra. 7 #59-34,10
ChIJHfHG4FyaP44Rp3aYj27acNE,Restaurante Daniel,(1) 2493404,Cl. 73 #9-70,10
ChIJX3KFj12FP44RsiD3PUAUgVA,Restaurante Bellini Centro Internacional,310 2362146,Cr 13 # 29 - 31,10
ChIJnUsBWzOaP44RjykdlMrkkSU,Morena Bar,,Cra. 27 #51A-93,0
ChIJjeR6lzSaP44RvihSSRx1tzo,Terraza Bar Café Galerias Cc,(1) 2103870,Bogotá,2
ChIJNSj3TFmaP44RWqWa4SOzlzU,Bar Amar,,Cra. 15 #75-35,0
ChIJa8KhWjOaP44Rrd-tjcNuNg8,Mayans,,Cl. 52 #27A-15,0
ChIJCfh-ICyaP44REtTgyqNeYys,Evanescence Caf Bar,,Bogotá,1
ChIJpw1bZ8-YP44ROBlmlqgKKU0,Galeria Café Libro / Palermo,(1) 2851794,Transversal 15B # 46-38,10
ChIJ3xZNnUiaP44RFwvkTIn1RKw,Billares Club 8,,Ac 63 #1532,2
ChIJJY99YTiaP44ReQ0qJO5Tjxg,Indie Cave - Music Bar,,Cra. 9 #59-6,10
ChIJYcq820aaP44RndxkGpRSh6E,Village Café,(1) 3466592,Cra. 8,10
ChIJHYhUk0WaP44RI2peSj8FMxU,Escandinavia Video,,Bogotá,1
ChIJaRzpRkSaP44R6Lyp4D-I9kc,Matik Matik,(1) 2499832,Cra. 11 #67-20,10
ChIJmeuiBTCaP44RpAAH2NScqxU,Forty Nine Club,311 2163934,Cra. 13 #49-77,10
ChIJx526M9-bP44RGrZsQRVTdBM,Hotel Platinum Suite Hotel,(1) 3378080,Av Esperanza No. 40 -76,9
ChIJQ7CDXTiaP44RmxPXdwZ42iA,Dagoas SPA,(1) 2129939,Cl. 59 #934,1
ChIJT9EEnkSaP44Rwgq4JkUM64Y,Urania Galera Caf,,Bogotá,3
ChIJQ4T-rDSaP44RcUvvazCZXSA,Medieval Karaoke Bar,313 4899614,Ac 53 #27a47,0
ChIJa2mstjSaP44RBK7Q897RXoE,Corner tango,315 3091972,Cl. 53a #27a-19,10
ChIJ-QhFsDSaP44RJGl24PA6Nc0,Narguila,317 4404284,Cra. 27a #53-29,2
ChIJD70AvDSaP44R2952s-wwBAA,PACHANGA POCHOLA,(1) 3466276,Cra. 27 #53-41,10
ChIJRYwHWzOaP44REzIaiM90CEc,Tabú Studio Bar,314 4605914,Cra. 27 #52-24,10
ChIJyQnMOTOaP44RsL63rAbAL9s,Soda Bar Retro,,Cra. 27 #5128,4
ChIJrXrjYzOaP44RLm6c9SoUurw,Oboe Cafe Bar,,Cl. 52a #2532,1
ChIJQ690YzSaP44RkuRPcunDruE,Bogotá Beer Company,(1) 7429292,Carrera 24 # 53 - 66,10
ChIJqYW7pTOaP44RCrgQVaaIN28,Fhorno de las carnes,(1) 2491143,Cra. 23 #51-32,10
ChIJiRZ6wjOaP44RjLcMSA7T8Qs,BAR DONDE MAO,312 4960837,Cra. 21 #52-10,1
ChIJlR5yJ8ibP44RBG9qL57siLw,La Bicicletería D.C,320 9673988,Teusaquillo,10
ChIJKQwjIzKaP44RSmT-7iMt_ug,Benkos,314 4593390,Cra. 20 #49-84,6
ChIJxU8XES2aP44R9s_oSleDmuc,San Cafe Club de Jazz y Galería,(1) 7581314,Cra. 24 #45-64,10
ChIJlxX9m9ObP44RXwBdOAhwoAA,La madre,319 3906290,Cra. 33a #3156,0
ChIJy_dwoLObP44RiiTNW4VX6R8,VIDEO BEAMS Y LAMPARAS SAS,(1) 2211509,Cl. 63a #35-73,2
ChIJU7BW7kuaP44RGjhg9t3-t6A,La Bodega BBC El Campín,7429292,Ac 63 #2336,5
ChIJ7wKuvCyaP44RDasYhQWdqfM,Dos Carreras,318 8459871,Cra. 25 #4194,10
ChIJCdaqrzeaP44R6FtiHuV4w3E,Comunidad S,321 3503906,Cra. 16 #5714,1
ChIJg45y0Q6ZP44ReochAID8c4M,HOSTAL CASA QUEVEDO,(1) 2812527,Cra. 1a #12B-30,8
ChIJh4nYWK-ZP44RXPaHhZBj0VA,Masaya Hostel Bogotá,310 6092782,Cra. 2 #12-48,10
ChIJnflwZ6aZP44RVzthjZt0G_Y,Bar Candelario,(1) 7561199,Cra. 5 #12-40,10
ChIJD_N2A6aZP44RHiMUzWCYJl0,La Bruja,(1) 3369261,Cl. 12 #3-45,10
ChIJreEUw6iZP44RaMpxIZgxLYY,CAPITAL COCINA Y CAFE,(1) 3420426,Cl. 10 #2-99,10
ChIJtfDZiJqZP44R-G_-QmrdkM0,Restaurante Gaudí,(1) 3427183,Cra. 4a #27-54,10
ChIJgTfkDnSZP44ROAprlpv3mQs,La Hamburguesería,(1) 2811286,Cra. 4a #27-27,10
ChIJn1DV65OYP44R7A-Gg9Sr5XY,El Goce Pagano,316 8710646,Diagonal 20 #0-82,10
ChIJV5vO7KWZP44RenKbNAcPKLE,FEDORA coffe &cocktails,(7) 2434293,Cra. 2 #12b82,10
ChIJ_z2NYa-ZP44RkkEAU4qh5IU,CANTARO RESTO BAR,(1) 2841334,Cl. 12 #1-44,10
ChIJP5EI4Q2ZP44Rqy2lNpjC0ww,LA NACIONAL 1A,312 4057413,a 18b-32,3
ChIJuTfoaJCZP44R94EAd4kHZ_0,Box Populi,316 5258062,Carrera 22 # 9 -45,10
ChIJzRjgyguZP44RxWyJwXvub18,Asadero Coma Parrilla,,Cra. 14 #12-46,0
ChIJayyU7AqZP44RnfSNMvYnl74,parranda vallenata bogota,311 2942421,Troncal Caracas,0
ChIJY61v52yZP44RdFkjlh9XzlE,frutos jugos naturales,319 6716793,Cra. 27 #1030,1
ChIJtY1r66eZP44R2c_rUwXiYqM,El Fogon de las Sopitas,(1) 2433404,Calle 12 8 - 38,3
ChIJUweyPhSZP44R9AmxQ4BRkn4,Jon Dech Cafe,321 4016497,Cra. 27 #5-38,10
ChIJG9EPr6eZP44Rn5honxQbFlY,Peña Folclórica de Bogotá,315 6078295,Calle 12 # 6- 81 Candelaria Centro Historico,10
ChIJ6dADnWuZP44R7sZ9Po2Abmc,estacion ricaurte,2018100,Ak 30 #9-35,0
ChIJi0W76aaZP44R8eYP7nRuxTI,LAGA,,Cl. 12c #636,3
ChIJP0EVsW-ZP44RB-sTz1KPx5M,Express Universal,310 2925204,#29- a 29-,0
ChIJRUvVuKaZP44R4vHbgClBdB4,Bar 5-40,310 2346631,Av. Jimenez De Quesada #5-40,0
ChIJ29hwvKaZP44R9NcAcnFtV9c,Ma Cherie Lounge Club,301 5367799,Av. Jimenez De Quesada #5-61,8
ChIJJ2AxP6aZP44R1v1iEqQ5m8o,elcandelario,,Cl. 12b #494,10
ChIJrTUVJZ-ZP44Rbiq7dmoJw-c,Restaurante La Normanda la 22,(1) 3421065,Cl. 22 #9-22,10
ChIJX2_7h6GZP44R6U9sCh1iyvo,Qimbay Café,(1) 3416695,Cl. 19 #6-11,8
ChIJwwwaj3qZP44Rs8jGwgzyXSQ,BEER,(1) 7451857 ext. 801,Calle 19 # 28-80. Piso 3,7
ChIJ0QW43aOZP44RvOG2nBqYgWs,Francachela Cocina Bar,(1) 2435180,Cra. 5 #17-68,1
ChIJH2GGA6SZP44RfNhiU5o5gew,Revellion Gastro Bar - Antiguo Republika,321 9967464,Cl. 16 #423,10
ChIJAwOWA6aZP44RZjMwWGw6F8U,Restaurante Civitas,318 6085192,Cl. 12 #3-55,10
ChIJ6VUBtpiZP44RbTpGALsPrTs,Billares Londres,315 8648797,Cra. 7 #2194,1
ChIJw7U1p56ZP44RWrzQqTybF5k,Flair Bartender School,319 3117380,Cra. 13 #24-26,10
ChIJWzcLGqaZP44RCh6LEvpa6DA,Bogotá Beer Company,(1) 7429292 ext. 311,Calle 12D # 4-02,10
ChIJCx6zTpyZP44RkfjkR4b6Xsg,grupo vallenato,311 2942421,a 13a-94,0
ChIJyfCJuqiZP44RVn9VkskP2lQ,Wok-a Bar,18053703,# 3 01,10
ChIJB6eMsKiZP44R-3ZWZSP6MMo,De Una Travel Bar,18066791,Cl. 11 #2-98,10
ChIJWZFfB6aZP44RoG8LxYVCxVQ,The Irish Pub La Candelaria,(1) 2134157,Cra. 3 #12-37,10
ChIJ5T3V6qOZP44RZamx7hBEzkI,Paraíso Bacatá,310 3075175,Cl. 18 #4-51,10
ChIJJ7QS56WZP44R-XiIG9XReuc,Casa de Citas Restaurante,(1) 2866944,Cra. 3 #12B-35,10
ChIJwz4UH6mZP44R22iCtIJUe_s,Road Beer Coffee,322 9422466,Cl. 9 #273,1
ChIJz2kOt6OZP44RviHghe5QN1U,Colombian Beer,(1) 3428631,Cl. 19 #4-41,7
ChIJdRxIsaiZP44Rb9T40riMHcc,LA HAMBURGUESERIA CANDELARIA,(1) 3340090,Calle 11 # 2-78,10
ChIJvbIh0aiZP44RlcmKtaJobCA,IlMunich,(1) 2846162,Cl. 10 #223,10
ChIJHfLLQ6SZP44Rlv_izWEGqD4,La Tanda Bar,312 8030427,Cra. 3 #12d-71,10
ChIJJWlVHZmZP44R8Co42PrlTaE,flamingo road gallery,312 3972103,Cl. 24,0
ChIJ2-qmZKOZP44R7g_QD-RyaVc,Hips Galería & Restaurante,(1) 2849590,Carrera 2a #18a30,10
ChIJe5ZutD2ZP44RGMgxxlOpkk0,grupo vallenato bogota,311 2942421,a 1f-68,0
ChIJt9QzJaOZP44RayBnHh8o2hY,Zanttino,310 2000030,Cra. 1 #2041,10
ChIJm7gFCpuZP44RJmTncDH8JJg,Downtown 727,(1) 2826676,46,10
ChIJW4ZlA5qZP44RT69sfefevjs,Santa Fe Restaurante,(1) 2816794,Calle 26 b No. 4 30 Calle 26 #1330,10
ChIJZXl0FpqZP44Rxsz_QThwlCU,Makalé Comida Estructural,322 6737563,Cra. 4a #26b88,10
ChIJXfG6wIOZP44RRm9EI4KSpgY,Café Barbería,(1) 3203907,Cra. 17 #35-31,8
ChIJo0LB64SZP44RXhyM_q9kWTI,urban safari,(1) 2451585,59,2
ChIJG9PpY5qZP44RzkwExDo1HxI,Bogotá Beer Company,310 7372971,Cra. 4a #27-4,7
ChIJyYw3ZzuZP44Rp649yzePITE,RUMBALAND CLUB,,Entrada A La Cl 8S Al Occidente #1-07,10
ChIJ5aR-BSCZP44R14giBO4w1KQ,Island Afrosound Bar/Cafe,300 8990532,Ak. 24,5
ChIJxeIPqXz19I4R7LOLXdgIA28,The Villana Hostel,350 8214939,Cl. 17 #3-70,10
ChIJK19Bx2T19I4RtThI_U18CZk,Masaya Hostel Santa Marta,(5) 4395236,Cl. 14 #4 - 80,10
ChIJlYGRPn_19I4Rv_bHIn7yngo,Tienda Shanday,,Cl. 29 #4-06,0
ChIJR9xtoWT19I4RHfSoIzhpDVM,Hostal La Brisa Loca Santa Marta,317 5859598,Cl. 14 #3-58,10
ChIJSz7ZZnv19I4RM_Elze5nEPA,Seko - Bar Confuso,315 5665332,Cl. 19 #4-11,1
ChIJB4Jbv2P19I4RstR9R9yw-J4,Disco Bar Restaurante Valsao,(5) 4214687,Cra. 1c,0
ChIJxxD6qXz19I4R1kdjCyT3rgw,Anime Cocktails,(5) 4230157,Cl. 17 #3-77,0
ChIJUz-IGXv19I4RsTq8qDhWSZg,salsa&café,320 5207763,Cl. 18 #6-11,5
ChIJ--Ldpnz19I4RRjqwvs1O0KY,Crab's Bar,315 7963636,Cl. 18 #369,10
ChIJ79y9nHz19I4RczgZcMow_xk,Tu Jaus Bar,318 3848630,Cl. 20 #378,10
ChIJYfSFl3z19I4RyJOlwqFsXTE,Eivissa Santa Marta,301 6232336,Cl. 19 #2A-19,0
ChIJ2-99rXz19I4RuHYVHA7eApM,Lulo Cafe Bar,(5) 4232725,Cra. 3 #16-34,10
ChIJLcdZrXz19I4R37FJXulYPLk,La Perla Restaurante Bar,(5) 4216762,Cra. 3 #16-28,10
ChIJpY89mnv19I4RMiO6zO9IEqQ,Bar café vía del mar,314 8371070,Cal 2 N. 2-58 edificio mar de leva,10
ChIJpz1Al3z19I4RmI02gGpEaf0,Ouzo Restaurante,(5) 4230658,Cra. 3 #19-29,10
ChIJARc8kHz19I4RLrTZll0nvC0,Restaurante Entre Cuates - Chavela,317 6360768,Cl. 20 #3 - 10,10
ChIJAbYphnz19I4RlqmnveHebRw,Buena Vibra Social Jump,,Cl. 21 #340,10
ChIJ0Y5_JWP19I4RE1Y7bXd_J5Y,Estanco Venta Cerveza,,#15- a,1
ChIJAec6oWP19I4RFQt4b0HiX6Y,Estadero & Lonchería Cherúa,(5) 4218699,Local 1 Calle 11 # 1C-23 Ed. Posihueica,1
ChIJ-ep5En319I4R8q9M3rkPf0E,Miko Bar Social,,Cra. 1 #22-93,10
ChIJIVyCoX319I4RPdJo8N07O0c,La Frontera,310 5520575,Local 2,8
ChIJEwIqR3f19I4Rub4DFyQ0fcY,La Viña,314 5060174,Ferrocaril #24 - 19,0
ChIJqVbaSmP19I4RtoUmpUsQtjg,Amancay Bar,(5) 7437521,Cl. 16 #1C-92,0
ChIJr30StHT19I4RytfcsDn_rZM,La Sede Lounge Bar,,#22- a,1
ChIJfaVoA2f19I4RV64kG98M5l4,Discoteca La Escollera,301 4424348,Santa Marta,10
ChIJzf6PaHv19I4RUNzGWzy6PPE,IGUANAS BAR,,Cl. 19 #458,6
ChIJ2XR_ymT19I4RII8KKajRYDs,ClubPolo,,Cra. 5 #17-36,0
ChIJg5blZnv19I4RsaduopNbgw4,Karaoke - Bar Tocata,,Cl. 19 #4 - 12,1
ChIJFz4wZ3v19I4R_Rbq23pq8aA,Mango Bar,,#4-1 a,1
ChIJs88oZ3v19I4RiXvgWNY56LM,CHARLIES BAR,,Cl. 19 #412,9
ChIJfRvbZnv19I4RNpErF_Yz7xA,Charlie's,,Cl. 19 #4 - 10,4
ChIJJ2ciYHv19I4RQkHHiI3ttPU,Atlantis Video Bar - Restaurante,(5) 4234872,Parque de los Novios,0
ChIJRUHZn3z19I4RB93tYLF1mks,Mi Chelada Bar,,Cl. 19 #3-105,2
ChIJV-qbqXz19I4R9_g3Bu8vhfQ,Vonchess Bar,300 3108400,Local 2.,0
ChIJi0efqXz19I4RQBy2TMnKia0,MariamuKna Bar,,Local 1,1
ChIJ9Xt6qXz19I4R209oc-lBNyE,Yerbabuena,(5) 4232640,Cl. 17 #3 - 51,0
ChIJfXUTqXz19I4RLb4fDn0kEow,Plaza De Madrid,,Centro Comercial Rex,0
ChIJtQFqn3z19I4RM3zb5ZAQ-wk,Restaurante Bar Casa Marina,(5) 4314138,Cl. 19 #3-53,6
ChIJtxBKqXz19I4RYcoioxSLunI,Valhalla Bar,,Centro Comercial Rex,0
ChIJRZO6mHz19I4RNpwFZTtWTvU,Carbonera Discoteca Disco Bar,,Cl. 19 #3-46,1
ChIJMQ_Irnz19I4RO7HeRomHMMA,La tienda del arte,300 6327627,Local 2,0
ChIJb7XImHz19I4Rn2JCXyxtQY4,Festival Shots Bar,,Cl. 19 #3-62,0
ChIJMQ_Irnz19I4RZhQ38tgNv04,Santa Mesa,(5) 4217399,Cl. 17 #3-38,10
ChIJy1fAmHz19I4RTvR1bMWgefM,Tumbaktre,(5) 4204739,Cl. 19 #3-69,4
ChIJZ2CWrnz19I4RfHip9_w-Iao,Gairaca Lounge- Discobar,301 3343904,Cl. 17 #336,0
ChIJcUbrrnz19I4R9VxDypXHGpk,Restaurante Bijao Lounge Bar,300 3883375,Centro Comercial Rex,0
ChIJtUzkmHz19I4R-32Cz3UltTc,Festival Shots,,Cl. 19 #3-40,10
ChIJkwj1rnz19I4R6w_FgAmjBBY,Bar Kudeta,,Cl. 17 #3-39,0
ChIJvTPApHz19I4RrDs9DzdpPLo,SpeCtro Discoteca,301 4014273,Cl. 18 #3 - 18,0
ChIJ73xDrnz19I4Rs7eom3zaKXg,Palenke Bar,,Cl. 17 #3-41,0
ChIJowWGf3v19I4RlMJo4NDla3U,Refresqueria y Estadero La 21,301 7955758,Cl. 21 #4-02,0
ChIJLXT4r3z19I4Ro0hQfaeC7J8,Barrio Samario,,Cra. 3,0
ChIJ3b_MgXz19I4R9-TnyXd7Mkk,El Sitio,304 3448824,Cl. 21 #3 - 105,0
ChIJGStJu3z19I4RZ4ViboNc8Cg,Mi Oficina,(5) 4228158,Cl. 18 #3 - 02,10
ChIJUXe4vHz19I4RU4VZN49CTvM,Restaurante & Bar Bali,,Cra. 3 #18-26,0
ChIJ8eGLl3z19I4Rj4RVsvE3KXk,Hollywood Bar Restaurante,,Cl. 19 #3-30,0
ChIJbx-fl3z19I4RopoCtAFoKdw,Cafe Bar Parque de los Novios,,Cl. 19 #3-08,7
ChIJSy3dWFBf9I4RT32AOgvdTQg,Hotel Charmin,(5) 4228253,Cl. 13 #2-41,0
