City#,CityId,Query
1,1010001,"El Encanto, Amazonas, Colombia"
2,1010002,"La Chorrera, Amazonas, Colombia"
3,1010003,"La Pedrera, Amazonas, Colombia"
4,1010004,"La Victoria, Amazonas, Colombia"
5,1010005,"Leticia, Amazonas, Colombia"
6,1010006,"Mirití-Paraná, Amazonas, Colombia"
7,1010007,"Puerto Alegría, Amazonas, Colombia"
8,1010008,"Puerto Arica, Amazonas, Colombia"
9,1010009,"Puerto Nariño, Amazonas, Colombia"
10,1010010,"Puerto Santander, Amazonas, Colombia"
11,1010011,"Tarapacá, Amazonas, Colombia"
12,1020012,"Cáceres, Antioquia, Colombia"
13,1020013,"Caucasia, Antioquia, Colombia"
14,1020014,"El Bagre, Antioquia, Colombia"
15,1020015,"Nechí, Antioquia, Colombia"
16,1020016,"Tarazá, Antioquia, Colombia"
17,1020017,"Zaragoza, Antioquia, Colombia"
18,1020018,"Caracolí, Antioquia, Colombia"
19,1020019,"Maceo, Antioquia, Colombia"
20,1020020,"Puerto Berrío, Antioquia, Colombia"
21,1020021,"Puerto Nare, Antioquia, Colombia"
22,1020022,"Puerto Triunfo, Antioquia, Colombia"
23,1020023,"Yondó, Antioquia, Colombia"
24,1020024,"Amalfi, Antioquia, Colombia"
25,1020025,"Anorí, Antioquia, Colombia"
26,1020026,"Cisneros, Antioquia, Colombia"
27,1020027,"Remedios, Antioquia, Colombia"
28,1020028,"San Roque, Antioquia, Colombia"
29,1020029,"Santo Domingo, Antioquia, Colombia"
30,1020030,"Segovia, Antioquia, Colombia"
31,1020031,"Vegachí, Antioquia, Colombia"
32,1020032,"Yalí, Antioquia, Colombia"
33,1020033,"Yolombó, Antioquia, Colombia"
34,1020034,"Angostura, Antioquia, Colombia"
35,1020035,"Belmira, Antioquia, Colombia"
36,1020036,"Briceño, Antioquia, Colombia"
37,1020037,"Campamento, Antioquia, Colombia"
38,1020038,"Carolina del Príncipe, Antioquia, Colombia"
39,1020039,"Donmatías, Antioquia, Colombia"
40,1020040,"Entrerríos, Antioquia, Colombia"
41,1020041,"Gómez Plata, Antioquia, Colombia"
42,1020042,"Guadalupe, Antioquia, Colombia"
43,1020043,"Ituango, Antioquia, Colombia"
44,1020044,"San Andrés de Cuerquia, Antioquia, Colombia"
45,1020045,"San José de la Montaña, Antioquia, Colombia"
46,1020046,"San Pedro de los Milagros, Antioquia, Colombia"
47,1020047,"Santa Rosa de Osos, Antioquia, Colombia"
48,1020048,"Toledo, Antioquia, Colombia"
49,1020049,"Valdivia, Antioquia, Colombia"
50,1020050,"Yarumal, Antioquia, Colombia"
51,1020051,"Abriaquí, Antioquia, Colombia"
52,1020052,"Antioquia, Antioquia, Colombia"
53,1020053,"Anzá, Antioquia, Colombia"
54,1020054,"Armenia, Antioquia, Colombia"
55,1020055,"Buriticá, Antioquia, Colombia"
56,1020056,"Caicedo, Antioquia, Colombia"
57,1020057,"Cañasgordas, Antioquia, Colombia"
58,1020058,"Dabeiba, Antioquia, Colombia"
59,1020059,"Ebéjico, Antioquia, Colombia"
60,1020060,"Frontino, Antioquia, Colombia"
61,1020061,"Giraldo, Antioquia, Colombia"
62,1020062,"Heliconia, Antioquia, Colombia"
63,1020063,"Liborina, Antioquia, Colombia"
64,1020064,"Olaya, Antioquia, Colombia"
65,1020065,"Peque, Antioquia, Colombia"
66,1020066,"Sabanalarga, Antioquia, Colombia"
67,1020067,"San Jerónimo, Antioquia, Colombia"
68,1020068,"Sopetrán, Antioquia, Colombia"
69,1020069,"Uramita, Antioquia, Colombia"
70,1020070,"Abejorral, Antioquia, Colombia"
71,1020071,"Alejandría, Antioquia, Colombia"
72,1020072,"Argelia, Antioquia, Colombia"
73,1020073,"Carmen de Viboral, Antioquia, Colombia"
74,1020074,"Cocorná, Antioquia, Colombia"
75,1020075,"Concepción, Antioquia, Colombia"
76,1020076,"El Peñol, Antioquia, Colombia"
77,1020077,"El Retiro, Antioquia, Colombia"
78,1020078,"El Santuario, Antioquia, Colombia"
79,1020079,"Granada, Antioquia, Colombia"
80,1020080,"Guarne, Antioquia, Colombia"
81,1020081,"Guatapé, Antioquia, Colombia"
82,1020082,"La Ceja, Antioquia, Colombia"
83,1020083,"La Unión, Antioquia, Colombia"
84,1020084,"Marinilla, Antioquia, Colombia"
85,1020085,"Nariño, Antioquia, Colombia"
86,1020086,"Rionegro, Antioquia, Colombia"
87,1020087,"San Carlos, Antioquia, Colombia"
88,1020088,"San Francisco, Antioquia, Colombia"
89,1020089,"San Luis, Antioquia, Colombia"
90,1020090,"San Rafael, Antioquia, Colombia"
91,1020091,"San Vicente, Antioquia, Colombia"
92,1020092,"Sonsón, Antioquia, Colombia"
93,1020093,"Amagá, Antioquia, Colombia"
94,1020094,"Andes, Antioquia, Colombia"
95,1020095,"Angelópolis, Antioquia, Colombia"
96,1020096,"Betania, Antioquia, Colombia"
97,1020097,"Betulia, Antioquia, Colombia"
98,1020098,"Caramanta, Antioquia, Colombia"
99,1020099,"Ciudad Bolívar, Antioquia, Colombia"
100,1020100,"Concordia, Antioquia, Colombia"
101,1020101,"Fredonia, Antioquia, Colombia"
102,1020102,"Hispania, Antioquia, Colombia"
103,1020103,"Jardín, Antioquia, Colombia"
104,1020104,"Jericó, Antioquia, Colombia"
105,1020105,"La Pintada, Antioquia, Colombia"
106,1020106,"Montebello, Antioquia, Colombia"
107,1020107,"Pueblorrico, Antioquia, Colombia"
108,1020108,"Salgar, Antioquia, Colombia"
109,1020109,"Santa Bárbara, Antioquia, Colombia"
110,1020110,"Támesis, Antioquia, Colombia"
111,1020111,"Tarso, Antioquia, Colombia"
112,1020112,"Titiribí, Antioquia, Colombia"
113,1020113,"Urrao, Antioquia, Colombia"
114,1020114,"Valparaíso, Antioquia, Colombia"
115,1020115,"Venecia, Antioquia, Colombia"
116,1020116,"Apartadó, Antioquia, Colombia"
117,1020117,"Arboletes, Antioquia, Colombia"
118,1020118,"Carepa, Antioquia, Colombia"
119,1020119,"Chigorodó, Antioquia, Colombia"
120,1020120,"Murindó, Antioquia, Colombia"
121,1020121,"Mutatá, Antioquia, Colombia"
122,1020122,"Necoclí, Antioquia, Colombia"
123,1020123,"San Juan de Urabá, Antioquia, Colombia"
124,1020124,"San Pedro de Urabá, Antioquia, Colombia"
125,1020125,"Turbo, Antioquia, Colombia"
126,1020126,"Vigía del Fuerte, Antioquia, Colombia"
127,1020127,"Barbosa, Antioquia, Colombia"
128,1020128,"Bello, Antioquia, Colombia"
129,1020129,"Caldas, Antioquia, Colombia"
130,1020130,"Copacabana, Antioquia, Colombia"
131,1020131,"Envigado, Antioquia, Colombia"
132,1020132,"Girardota, Antioquia, Colombia"
133,1020133,"Itagüí, Antioquia, Colombia"
134,1020134,"La Estrella, Antioquia, Colombia"
135,1020135,"Medellín, Antioquia, Colombia"
136,1020136,"Sabaneta, Antioquia, Colombia"
137,1030137,"Arauca, Arauca, Colombia"
138,1030138,"Arauquita, Arauca, Colombia"
139,1030139,"Cravo Norte, Arauca, Colombia"
140,1030140,"Fortul, Arauca, Colombia"
141,1030141,"Puerto Rondón, Arauca, Colombia"
142,1030142,"Saravena, Arauca, Colombia"
143,1030143,"Tame, Arauca, Colombia"
144,1040144,"Baranoa, Atlántico, Colombia"
145,1040145,"Barranquilla, Atlántico, Colombia"
146,1040146,"Campo de la Cruz, Atlántico, Colombia"
147,1040147,"Candelaria, Atlántico, Colombia"
148,1040148,"Galapa, Atlántico, Colombia"
149,1040149,"Juan de Acosta, Atlántico, Colombia"
150,1040150,"Luruaco, Atlántico, Colombia"
151,1040151,"Malambo, Atlántico, Colombia"
152,1040152,"Manatí, Atlántico, Colombia"
153,1040153,"Palmar de Varela, Atlántico, Colombia"
154,1040154,"Piojó, Atlántico, Colombia"
155,1040155,"Polonuevo, Atlántico, Colombia"
156,1040156,"Ponedera, Atlántico, Colombia"
157,1040157,"Puerto Colombia, Atlántico, Colombia"
158,1040158,"Repelón, Atlántico, Colombia"
159,1040159,"Sabanagrande, Atlántico, Colombia"
160,1040160,"Sabanalarga, Atlántico, Colombia"
161,1040161,"Santa Lucía, Atlántico, Colombia"
162,1040162,"Santo Tomás, Atlántico, Colombia"
163,1040163,"Soledad, Atlántico, Colombia"
164,1040164,"Suán, Atlántico, Colombia"
165,1040165,"Tubará, Atlántico, Colombia"
166,1040166,"Usiacurí, Atlántico, Colombia"
167,1050167,"Ayapel, Cordoba, Colombia"
168,1050168,"Buenavista, Cordoba, Colombia"
169,1050169,"Canalete, Cordoba, Colombia"
170,1050170,"Cereté, Cordoba, Colombia"
171,1050171,"Chimá, Cordoba, Colombia"
172,1050172,"Chinú, Cordoba, Colombia"
173,1050173,"Ciénaga de Oro, Cordoba, Colombia"
174,1050174,"Cotorra, Cordoba, Colombia"
175,1050175,"La Apartada, Cordoba, Colombia"
176,1050176,"Los Córdobas, Cordoba, Colombia"
177,1050177,"Momil, Cordoba, Colombia"
178,1050178,"Montelíbano, Cordoba, Colombia"
179,1050179,"Montería, Cordoba, Colombia"
180,1050180,"Moñitos, Cordoba, Colombia"
181,1050181,"Planeta Rica, Cordoba, Colombia"
182,1050182,"Pueblo Nuevo, Cordoba, Colombia"
183,1050183,"Puerto Escondido, Cordoba, Colombia"
184,1050184,"Puerto Libertador, Cordoba, Colombia"
185,1050185,"Purísima, Cordoba, Colombia"
186,1050186,"Sahagún, Cordoba, Colombia"
187,1050187,"San Andrés de Sotavento, Cordoba, Colombia"
188,1050188,"San Antero, Cordoba, Colombia"
189,1050189,"San Bernardo del Viento, Cordoba, Colombia"
190,1050190,"San Carlos, Cordoba, Colombia"
191,1050191,"San José de Uré, Cordoba, Colombia"
192,1050192,"San Pelayo, Cordoba, Colombia"
193,1050193,"Santa Cruz de Lorica, Cordoba, Colombia"
194,1050194,"Tierralta, Cordoba, Colombia"
195,1050195,"Tuchín, Cordoba, Colombia"
196,1050196,"Valencia, Cordoba, Colombia"
197,1060197,"Bogotá, Bogotá D.C., Colombia"
198,1070198,"Achí, Bolivar, Colombia"
199,1070199,"Altos del Rosario, Bolivar, Colombia"
200,1070200,"Arenal, Bolivar, Colombia"
201,1070201,"Arjona, Bolivar, Colombia"
202,1070202,"Arroyohondo, Bolivar, Colombia"
203,1070203,"Barranco de Loba, Bolivar, Colombia"
204,1070204,"Calamar, Bolivar, Colombia"
205,1070205,"Cantagallo, Bolivar, Colombia"
206,1070206,"El Carmen de Bolívar, Bolivar, Colombia"
207,1070207,"Cartagena de Indias, Bolivar, Colombia"
208,1070208,"Cicuco, Bolivar, Colombia"
209,1070209,"Clemencia, Bolivar, Colombia"
210,1070210,"Córdoba, Bolivar, Colombia"
211,1070211,"El Guamo, Bolivar, Colombia"
212,1070212,"El Peñón, Bolivar, Colombia"
213,1070213,"Hatillo de Loba, Bolivar, Colombia"
214,1070214,"Magangué, Bolivar, Colombia"
215,1070215,"Mahates, Bolivar, Colombia"
216,1070216,"Margarita, Bolivar, Colombia"
217,1070217,"María La Baja, Bolivar, Colombia"
218,1070218,"Montecristo, Bolivar, Colombia"
219,1070219,"Morales, Bolivar, Colombia"
220,1070220,"Norosí, Bolivar, Colombia"
221,1070221,"Pinillos, Bolivar, Colombia"
222,1070222,"Regidor, Bolivar, Colombia"
223,1070223,"Río Viejo, Bolivar, Colombia"
224,1070224,"San Cristóbal, Bolivar, Colombia"
225,1070225,"San Estanislao, Bolivar, Colombia"
226,1070226,"San Fernando, Bolivar, Colombia"
227,1070227,"San Jacinto, Bolivar, Colombia"
228,1070228,"San Jacinto del Cauca, Bolivar, Colombia"
229,1070229,"San Juan Nepomuceno, Bolivar, Colombia"
230,1070230,"San Martín de Loba, Bolivar, Colombia"
231,1070231,"San Pablo, Bolivar, Colombia"
232,1070232,"Santa Catalina, Bolivar, Colombia"
233,1070233,"Santa Cruz de Mompox, Bolivar, Colombia"
234,1070234,"Santa Rosa, Bolivar, Colombia"
235,1070235,"Santa Rosa del Sur, Bolivar, Colombia"
236,1070236,"Simití, Bolivar, Colombia"
237,1070237,"Soplaviento, Bolivar, Colombia"
238,1070238,"Talaigua Nuevo, Bolivar, Colombia"
239,1070239,"Tiquisio, Bolivar, Colombia"
240,1070240,"Turbaco, Bolivar, Colombia"
241,1080241,"Chíquiza, Boyacá, Colombia"
242,1080242,"Chivatá, Boyacá, Colombia"
243,1080243,"Cómbita, Boyacá, Colombia"
244,1080244,"Cucaita, Boyacá, Colombia"
245,1080245,"Motavita, Boyacá, Colombia"
246,1080246,"Oicatá, Boyacá, Colombia"
247,1080247,"Samacá, Boyacá, Colombia"
248,1080248,"Siachoque, Boyacá, Colombia"
249,1080249,"Sora, Boyacá, Colombia"
250,1080250,"Soracá, Boyacá, Colombia"
251,1080251,"Sotaquirá, Boyacá, Colombia"
252,1080252,"Toca, Boyacá, Colombia"
253,1080253,"Tunja, Boyacá, Colombia"
254,1080254,"Tuta, Boyacá, Colombia"
255,1080255,"Ventaquemada, Boyacá, Colombia"
256,1080256,"Chiscas, Boyacá, Colombia"
257,1080257,"El Cocuy, Boyacá, Colombia"
258,1080258,"El Espino, Boyacá, Colombia"
259,1080259,"Guacamayas, Boyacá, Colombia"
260,1080260,"Güicán, Boyacá, Colombia"
261,1080261,"Panqueba, Boyacá, Colombia"
262,1080262,"Labranzagrande, Boyacá, Colombia"
263,1080263,"Pajarito, Boyacá, Colombia"
264,1080264,"Paya, Boyacá, Colombia"
265,1080265,"Pisba, Boyacá, Colombia"
266,1080266,"Berbeo, Boyacá, Colombia"
267,1080267,"Campohermoso, Boyacá, Colombia"
268,1080268,"Miraflores, Boyacá, Colombia"
269,1080269,"Páez, Boyacá, Colombia"
270,1080270,"San Eduardo, Boyacá, Colombia"
271,1080271,"Zetaquira, Boyacá, Colombia"
272,1080272,"Boyacá, Boyacá, Colombia"
273,1080273,"Ciénega, Boyacá, Colombia"
274,1080274,"Jenesano, Boyacá, Colombia"
275,1080275,"Nuevo Colón, Boyacá, Colombia"
276,1080276,"Ramiriquí, Boyacá, Colombia"
277,1080277,"Rondón, Boyacá, Colombia"
278,1080278,"Tibaná, Boyacá, Colombia"
279,1080279,"Turmequé, Boyacá, Colombia"
280,1080280,"Úmbita, Boyacá, Colombia"
281,1080281,"Viracachá, Boyacá, Colombia"
282,1080282,"Chinavita, Boyacá, Colombia"
283,1080283,"Garagoa, Boyacá, Colombia"
284,1080284,"Macanal, Boyacá, Colombia"
285,1080285,"Pachavita, Boyacá, Colombia"
286,1080286,"San Luis de Gaceno, Boyacá, Colombia"
287,1080287,"Santa María, Boyacá, Colombia"
288,1080288,"Boavita, Boyacá, Colombia"
289,1080289,"Covarachía, Boyacá, Colombia"
290,1080290,"La Uvita, Boyacá, Colombia"
291,1080291,"San Mateo, Boyacá, Colombia"
292,1080292,"Sativanorte, Boyacá, Colombia"
293,1080293,"Sativasur, Boyacá, Colombia"
294,1080294,"Soatá, Boyacá, Colombia"
295,1080295,"Susacón, Boyacá, Colombia"
296,1080296,"Tipacoque, Boyacá, Colombia"
297,1080297,"Briceño, Boyacá, Colombia"
298,1080298,"Buenavista, Boyacá, Colombia"
299,1080299,"Caldas, Boyacá, Colombia"
300,1080300,"Chiquinquirá, Boyacá, Colombia"
301,1080301,"Coper, Boyacá, Colombia"
302,1080302,"La Victoria, Boyacá, Colombia"
303,1080303,"Maripí, Boyacá, Colombia"
304,1080304,"Muzo, Boyacá, Colombia"
305,1080305,"Otanche, Boyacá, Colombia"
306,1080306,"Pauna, Boyacá, Colombia"
307,1080307,"Quípama, Boyacá, Colombia"
308,1080308,"Saboyá, Boyacá, Colombia"
309,1080309,"San Miguel de Sema, Boyacá, Colombia"
310,1080310,"San Pablo de Borbur, Boyacá, Colombia"
311,1080311,"Tununguá, Boyacá, Colombia"
312,1080312,"Almeida, Boyacá, Colombia"
313,1080313,"Chivor, Boyacá, Colombia"
314,1080314,"Guateque, Boyacá, Colombia"
315,1080315,"Guayatá, Boyacá, Colombia"
316,1080316,"La Capilla, Boyacá, Colombia"
317,1080317,"Somondoco, Boyacá, Colombia"
318,1080318,"Sutatenza, Boyacá, Colombia"
319,1080319,"Tenza, Boyacá, Colombia"
320,1080320,"Arcabuco, Boyacá, Colombia"
321,1080321,"Chitaraque, Boyacá, Colombia"
322,1080322,"Gachantivá, Boyacá, Colombia"
323,1080323,"Moniquirá, Boyacá, Colombia"
324,1080324,"Ráquira, Boyacá, Colombia"
325,1080325,"Sáchica, Boyacá, Colombia"
326,1080326,"San José de Pare, Boyacá, Colombia"
327,1080327,"Santa Sofía, Boyacá, Colombia"
328,1080328,"Santana, Boyacá, Colombia"
329,1080329,"Sutamarchán, Boyacá, Colombia"
330,1080330,"Tinjacá, Boyacá, Colombia"
331,1080331,"Togüí, Boyacá, Colombia"
332,1080332,"Villa de Leyva, Boyacá, Colombia"
333,1080333,"Aquitania, Boyacá, Colombia"
334,1080334,"Cuítiva, Boyacá, Colombia"
335,1080335,"Firavitoba, Boyacá, Colombia"
336,1080336,"Gámeza, Boyacá, Colombia"
337,1080337,"Iza, Boyacá, Colombia"
338,1080338,"Mongua, Boyacá, Colombia"
339,1080339,"Monguí, Boyacá, Colombia"
340,1080340,"Nobsa, Boyacá, Colombia"
341,1080341,"Pesca, Boyacá, Colombia"
342,1080342,"Sogamoso, Boyacá, Colombia"
343,1080343,"Tibasosa, Boyacá, Colombia"
344,1080344,"Tópaga, Boyacá, Colombia"
345,1080345,"Tota, Boyacá, Colombia"
346,1080346,"Belén, Boyacá, Colombia"
347,1080347,"Busbanzá, Boyacá, Colombia"
348,1080348,"Cerinza, Boyacá, Colombia"
349,1080349,"Corrales, Boyacá, Colombia"
350,1080350,"Duitama, Boyacá, Colombia"
351,1080351,"Floresta, Boyacá, Colombia"
352,1080352,"Paipa, Boyacá, Colombia"
353,1080353,"Santa Rosa de Viterbo, Boyacá, Colombia"
354,1080354,"Tutazá, Boyacá, Colombia"
355,1080355,"Betéitiva, Boyacá, Colombia"
356,1080356,"Chita, Boyacá, Colombia"
357,1080357,"Jericó, Boyacá, Colombia"
358,1080358,"Paz de Río, Boyacá, Colombia"
359,1080359,"Socha, Boyacá, Colombia"
360,1080360,"Socotá, Boyacá, Colombia"
361,1080361,"Tasco, Boyacá, Colombia"
362,1080362,"Cubará, Boyacá, Colombia"
363,1080363,"Puerto Boyacá, Boyacá, Colombia"
364,1090364,"Filadelfia, Caldas, Colombia"
365,1090365,"La Merced, Caldas, Colombia"
366,1090366,"Marmato, Caldas, Colombia"
367,1090367,"Riosucio, Caldas, Colombia"
368,1090368,"Supía, Caldas, Colombia"
369,1090369,"Manzanares, Caldas, Colombia"
370,1090370,"Marquetalia, Caldas, Colombia"
371,1090371,"Marulanda, Caldas, Colombia"
372,1090372,"Pensilvania, Caldas, Colombia"
373,1090373,"Anserma, Caldas, Colombia"
374,1090374,"Belalcázar, Caldas, Colombia"
375,1090375,"Risaralda, Caldas, Colombia"
376,1090376,"San José, Caldas, Colombia"
377,1090377,"Viterbo, Caldas, Colombia"
378,1090378,"Chinchiná, Caldas, Colombia"
379,1090379,"Manizales, Caldas, Colombia"
380,1090380,"Neira, Caldas, Colombia"
381,1090381,"Palestina, Caldas, Colombia"
382,1090382,"Villamaría, Caldas, Colombia"
383,1090383,"La Dorada, Caldas, Colombia"
384,1090384,"Norcasia, Caldas, Colombia"
385,1090385,"Samaná, Caldas, Colombia"
386,1090386,"Victoria, Caldas, Colombia"
387,1090387,"Aguadas, Caldas, Colombia"
388,1090388,"Aranzazu, Caldas, Colombia"
389,1090389,"Pácora, Caldas, Colombia"
390,1090390,"Salamina, Caldas, Colombia"
391,1100391,"Albania, Caquetá, Colombia"
392,1100392,"Belén de los Andaquies, Caquetá, Colombia"
393,1100393,"Cartagena del Chairá, Caquetá, Colombia"
394,1100394,"Curillo, Caquetá, Colombia"
395,1100395,"El Doncello, Caquetá, Colombia"
396,1100396,"El Paujil, Caquetá, Colombia"
397,1100397,"Florencia, Caquetá, Colombia"
398,1100398,"La Montañita, Caquetá, Colombia"
399,1100399,"Morelia, Caquetá, Colombia"
400,1100400,"Puerto Milán, Caquetá, Colombia"
401,1100401,"Puerto Rico, Caquetá, Colombia"
402,1100402,"San José del Fragua, Caquetá, Colombia"
403,1100403,"San Vicente del Caguán, Caquetá, Colombia"
404,1100404,"Solano, Caquetá, Colombia"
405,1100405,"Solita, Caquetá, Colombia"
406,1100406,"Valparaíso, Caquetá, Colombia"
407,1110407,"Aguazul, Casanare, Colombia"
408,1110408,"Chámeza, Casanare, Colombia"
409,1110409,"Hato Corozal, Casanare, Colombia"
410,1110410,"La Salina, Casanare, Colombia"
411,1110411,"Maní, Casanare, Colombia"
412,1110412,"Monterrey, Casanare, Colombia"
413,1110413,"Nunchía, Casanare, Colombia"
414,1110414,"Orocué, Casanare, Colombia"
415,1110415,"Paz de Ariporo, Casanare, Colombia"
416,1110416,"Pore, Casanare, Colombia"
417,1110417,"Recetor, Casanare, Colombia"
418,1110418,"Sabanalarga, Casanare, Colombia"
419,1110419,"Sácama, Casanare, Colombia"
420,1110420,"San Luis de Palenque, Casanare, Colombia"
421,1110421,"Támara, Casanare, Colombia"
422,1110422,"Tauramena, Casanare, Colombia"
423,1110423,"Trinidad, Casanare, Colombia"
424,1110424,"Villanueva, Casanare, Colombia"
425,1110425,"Yopal, Casanare, Colombia"
426,1120426,"Buenos Aires, Cauca, Colombia"
427,1120427,"Caloto, Cauca, Colombia"
428,1120428,"Corinto, Cauca, Colombia"
429,1120429,"Guachené, Cauca, Colombia"
430,1120430,"Miranda, Cauca, Colombia"
431,1120431,"Padilla, Cauca, Colombia"
432,1120432,"Puerto Tejada, Cauca, Colombia"
433,1120433,"Santander de Quilichao, Cauca, Colombia"
434,1120434,"Suárez, Cauca, Colombia"
435,1120435,"Villa Rica, Cauca, Colombia"
436,1120436,"Cajibío, Cauca, Colombia"
437,1120437,"El Tambo, Cauca, Colombia"
438,1120438,"La Sierra, Cauca, Colombia"
439,1120439,"Morales, Cauca, Colombia"
440,1120440,"Piendamó, Cauca, Colombia"
441,1120441,"Popayán, Cauca, Colombia"
442,1120442,"Rosas, Cauca, Colombia"
443,1120443,"Sotará, Cauca, Colombia"
444,1120444,"Timbío, Cauca, Colombia"
445,1120445,"Almaguer, Cauca, Colombia"
446,1120446,"Argelia, Cauca, Colombia"
447,1120447,"Balboa, Cauca, Colombia"
448,1120448,"Bolívar, Cauca, Colombia"
449,1120449,"Florencia, Cauca, Colombia"
450,1120450,"La Vega, Cauca, Colombia"
451,1120451,"Mercaderes, Cauca, Colombia"
452,1120452,"Patía, Cauca, Colombia"
453,1120453,"Piamonte, Cauca, Colombia"
454,1120454,"San Sebastián, Cauca, Colombia"
455,1120455,"Santa Rosa, Cauca, Colombia"
456,1120456,"Sucre, Cauca, Colombia"
457,1120457,"Guapí, Cauca, Colombia"
458,1120458,"López de Micay, Cauca, Colombia"
459,1120459,"Timbiquí, Cauca, Colombia"
460,1120460,"Caldono, Cauca, Colombia"
461,1120461,"Inzá, Cauca, Colombia"
462,1120462,"Jambaló, Cauca, Colombia"
463,1120463,"Páez, Cauca, Colombia"
464,1120464,"Puracé, Cauca, Colombia"
465,1120465,"Silvia, Cauca, Colombia"
466,1120466,"Toribío, Cauca, Colombia"
467,1120467,"Totoró, Cauca, Colombia"
468,1130468,"Valledupar, Cesar, Colombia"
469,1130469,"Aguachica, Cesar, Colombia"
470,1130470,"Agustín Codazzi, Cesar, Colombia"
471,1130471,"Bosconia, Cesar, Colombia"
472,1130472,"Chimichagua, Cesar, Colombia"
473,1130473,"El Copey, Cesar, Colombia"
474,1130474,"San Alberto, Cesar, Colombia"
475,1130475,"Curumaní, Cesar, Colombia"
476,1130476,"El Paso, Cesar, Colombia"
477,1130477,"La Paz, Cesar, Colombia"
478,1130478,"Pueblo Bello, Cesar, Colombia"
479,1130479,"La Jagua de Ibirico, Cesar, Colombia"
480,1130480,"Chiriguaná, Cesar, Colombia"
481,1130481,"Astrea, Cesar, Colombia"
482,1130482,"San Martín, Cesar, Colombia"
483,1130483,"Pelaya, Cesar, Colombia"
484,1130484,"Pailitas, Cesar, Colombia"
485,1130485,"Gamarra, Cesar, Colombia"
486,1130486,"Manaure Balcón del Cesar, Cesar, Colombia"
487,1130487,"Río de Oro, Cesar, Colombia"
488,1130488,"Tamalameque, Cesar, Colombia"
489,1130489,"Becerril, Cesar, Colombia"
490,1130490,"San Diego, Cesar, Colombia"
491,1130491,"La Gloria, Cesar, Colombia"
492,1130492,"González, Cesar, Colombia"
493,1130493,"Cesaró, Cesar, Colombia"
494,1140494,"Acandí, Chocó, Colombia"
495,1140495,"Alto Baudó, Chocó, Colombia"
496,1140496,"Atrato, Chocó, Colombia"
497,1140497,"Bagadó, Chocó, Colombia"
498,1140498,"Bahía Solano, Chocó, Colombia"
499,1140499,"Bajo Baudó, Chocó, Colombia"
500,1140500,"Bojayá, Chocó, Colombia"
501,1140501,"Cértegui, Chocó, Colombia"
502,1140502,"Condoto, Chocó, Colombia"
503,1140503,"El Cantón de San Pablo, Chocó, Colombia"
504,1140504,"El Carmen de Atrato, Chocó, Colombia"
505,1140505,"El Carmen del Darién, Chocó, Colombia"
506,1140506,"El Litoral de San Juan, Chocó, Colombia"
507,1140507,"Istmina, Chocó, Colombia"
508,1140508,"Juradó, Chocó, Colombia"
509,1140509,"Lloró, Chocó, Colombia"
510,1140510,"Medio Atrato, Chocó, Colombia"
511,1140511,"Medio Baudó, Chocó, Colombia"
512,1140512,"Medio San Juan, Chocó, Colombia"
513,1140513,"Nóvita, Chocó, Colombia"
514,1140514,"Nuquí, Chocó, Colombia"
515,1140515,"Quibdó, Chocó, Colombia"
516,1140516,"Río Iró, Chocó, Colombia"
517,1140517,"Río Quito, Chocó, Colombia"
518,1140518,"Riosucio, Chocó, Colombia"
519,1140519,"San José del Palmar, Chocó, Colombia"
520,1140520,"Sipí, Chocó, Colombia"
521,1140521,"Tadó, Chocó, Colombia"
522,1140522,"Unguía, Chocó, Colombia"
523,1140523,"Unión Panamericana, Chocó, Colombia"
524,1150524,"Chocontá, Cundinamarca, Colombia"
525,1150525,"Machetá, Cundinamarca, Colombia"
526,1150526,"Manta, Cundinamarca, Colombia"
527,1150527,"Sesquilé, Cundinamarca, Colombia"
528,1150528,"Suesca, Cundinamarca, Colombia"
529,1150529,"Tibirita, Cundinamarca, Colombia"
530,1150530,"Villapinzón, Cundinamarca, Colombia"
531,1150531,"Agua de Dios, Cundinamarca, Colombia"
532,1150532,"Girardot, Cundinamarca, Colombia"
533,1150533,"Guataquí, Cundinamarca, Colombia"
534,1150534,"Jerusalén, Cundinamarca, Colombia"
535,1150535,"Nariño, Cundinamarca, Colombia"
536,1150536,"Nilo, Cundinamarca, Colombia"
537,1150537,"Ricaurte, Cundinamarca, Colombia"
538,1150538,"Tocaima, Cundinamarca, Colombia"
539,1150539,"Caparrapí, Cundinamarca, Colombia"
540,1150540,"Guaduas, Cundinamarca, Colombia"
541,1150541,"Puerto Salgar, Cundinamarca, Colombia"
542,1150542,"Albán, Cundinamarca, Colombia"
543,1150543,"La Peña, Cundinamarca, Colombia"
544,1150544,"La Vega, Cundinamarca, Colombia"
545,1150545,"Nimaima, Cundinamarca, Colombia"
546,1150546,"Nocaima, Cundinamarca, Colombia"
547,1150547,"Quebradanegra, Cundinamarca, Colombia"
548,1150548,"San Francisco, Cundinamarca, Colombia"
549,1150549,"Sasaima, Cundinamarca, Colombia"
550,1150550,"Supatá, Cundinamarca, Colombia"
551,1150551,"Útica, Cundinamarca, Colombia"
552,1150552,"Vergara, Cundinamarca, Colombia"
553,1150553,"Villeta, Cundinamarca, Colombia"
554,1150554,"Gachalá, Cundinamarca, Colombia"
555,1150555,"Gachetá, Cundinamarca, Colombia"
556,1150556,"Gama, Cundinamarca, Colombia"
557,1150557,"Guasca, Cundinamarca, Colombia"
558,1150558,"Guatavita, Cundinamarca, Colombia"
559,1150559,"Junín, Cundinamarca, Colombia"
560,1150560,"La Calera, Cundinamarca, Colombia"
561,1150561,"Ubalá, Cundinamarca, Colombia"
562,1150562,"Beltrán, Cundinamarca, Colombia"
563,1150563,"Bituima, Cundinamarca, Colombia"
564,1150564,"Chaguaní, Cundinamarca, Colombia"
565,1150565,"Guayabal de Síquima, Cundinamarca, Colombia"
566,1150566,"Pulí, Cundinamarca, Colombia"
567,1150567,"San Juan de Rioseco, Cundinamarca, Colombia"
568,1150568,"Vianí, Cundinamarca, Colombia"
569,1150569,"Medina, Cundinamarca, Colombia"
570,1150570,"Paratebueno, Cundinamarca, Colombia"
571,1150571,"Cáqueza, Cundinamarca, Colombia"
572,1150572,"Chipaque, Cundinamarca, Colombia"
573,1150573,"Choachí, Cundinamarca, Colombia"
574,1150574,"Fómeque, Cundinamarca, Colombia"
575,1150575,"Fosca, Cundinamarca, Colombia"
576,1150576,"Guayabetal, Cundinamarca, Colombia"
577,1150577,"Gutiérrez, Cundinamarca, Colombia"
578,1150578,"Quetame, Cundinamarca, Colombia"
579,1150579,"Ubaque, Cundinamarca, Colombia"
580,1150580,"Une, Cundinamarca, Colombia"
581,1150581,"El Peñón, Cundinamarca, Colombia"
582,1150582,"La Palma, Cundinamarca, Colombia"
583,1150583,"Pacho, Cundinamarca, Colombia"
584,1150584,"Paime, Cundinamarca, Colombia"
585,1150585,"San Cayetano, Cundinamarca, Colombia"
586,1150586,"Topaipí, Cundinamarca, Colombia"
587,1150587,"Villagómez, Cundinamarca, Colombia"
588,1150588,"Yacopí, Cundinamarca, Colombia"
589,1150589,"Cajicá, Cundinamarca, Colombia"
590,1150590,"Chía, Cundinamarca, Colombia"
591,1150591,"Cogua, Cundinamarca, Colombia"
592,1150592,"Gachancipá, Cundinamarca, Colombia"
593,1150593,"Nemocón, Cundinamarca, Colombia"
594,1150594,"Sopó, Cundinamarca, Colombia"
595,1150595,"Tabio, Cundinamarca, Colombia"
596,1150596,"Tenjo, Cundinamarca, Colombia"
597,1150597,"Tocancipá, Cundinamarca, Colombia"
598,1150598,"Zipaquirá, Cundinamarca, Colombia"
599,1150599,"Bojacá, Cundinamarca, Colombia"
600,1150600,"Cota, Cundinamarca, Colombia"
601,1150601,"El Rosal, Cundinamarca, Colombia"
602,1150602,"Facatativá, Cundinamarca, Colombia"
603,1150603,"Funza, Cundinamarca, Colombia"
604,1150604,"Madrid, Cundinamarca, Colombia"
605,1150605,"Mosquera, Cundinamarca, Colombia"
606,1150606,"Subachoque, Cundinamarca, Colombia"
607,1150607,"Zipacón, Cundinamarca, Colombia"
608,1150608,"Sibaté, Cundinamarca, Colombia"
609,1150609,"Soacha, Cundinamarca, Colombia"
610,1150610,"Arbeláez, Cundinamarca, Colombia"
611,1150611,"Cabrera, Cundinamarca, Colombia"
612,1150612,"Fusagasugá, Cundinamarca, Colombia"
613,1150613,"Granada, Cundinamarca, Colombia"
614,1150614,"Pandi, Cundinamarca, Colombia"
615,1150615,"Pasca, Cundinamarca, Colombia"
616,1150616,"San Bernardo, Cundinamarca, Colombia"
617,1150617,"Silvania, Cundinamarca, Colombia"
618,1150618,"Tibacuy, Cundinamarca, Colombia"
619,1150619,"Venecia, Cundinamarca, Colombia"
620,1150620,"Anapoima, Cundinamarca, Colombia"
621,1150621,"Anolaima, Cundinamarca, Colombia"
622,1150622,"Apulo, Cundinamarca, Colombia"
623,1150623,"Cachipay, Cundinamarca, Colombia"
624,1150624,"El Colegio, Cundinamarca, Colombia"
625,1150625,"La Mesa, Cundinamarca, Colombia"
626,1150626,"Quipile, Cundinamarca, Colombia"
627,1150627,"San Antonio del Tequendama, Cundinamarca, Colombia"
628,1150628,"Tena, Cundinamarca, Colombia"
629,1150629,"Viotá, Cundinamarca, Colombia"
630,1150630,"Carmen de Carupa, Cundinamarca, Colombia"
631,1150631,"Cucunubá, Cundinamarca, Colombia"
632,1150632,"Fúquene, Cundinamarca, Colombia"
633,1150633,"Guachetá, Cundinamarca, Colombia"
634,1150634,"Lenguazaque, Cundinamarca, Colombia"
635,1150635,"Simijaca, Cundinamarca, Colombia"
636,1150636,"Susa, Cundinamarca, Colombia"
637,1150637,"Sutatausa, Cundinamarca, Colombia"
638,1150638,"Tausa, Cundinamarca, Colombia"
639,1150639,"Ubaté, Cundinamarca, Colombia"
640,1160640,"Cacahual, Guainía, Colombia"
641,1160641,"Inírida, Guainía, Colombia"
642,1160642,"La Guadalupe, Guainía, Colombia"
643,1160643,"Mapiripana, Guainía, Colombia"
644,1160644,"Morichal Nuevo, Guainía, Colombia"
645,1160645,"Pana Pana, Guainía, Colombia"
646,1160646,"Puerto Colombia, Guainía, Colombia"
647,1160647,"San Felipe, Guainía, Colombia"
648,1170648,"Calamar, Guaviare, Colombia"
649,1170649,"El Retorno, Guaviare, Colombia"
650,1170650,"Miraflores, Guaviare, Colombia"
651,1170651,"San José del Guaviare, Guaviare, Colombia"
652,1180652,"Aipe, Huila, Colombia"
653,1180653,"Algeciras, Huila, Colombia"
654,1180654,"Baraya, Huila, Colombia"
655,1180655,"Campoalegre, Huila, Colombia"
656,1180656,"Colombia, Huila, Colombia"
657,1180657,"Hobo, Huila, Colombia"
658,1180658,"Íquira, Huila, Colombia"
659,1180659,"Neiva, Huila, Colombia"
660,1180660,"Palermo, Huila, Colombia"
661,1180661,"Rivera, Huila, Colombia"
662,1180662,"Santa María, Huila, Colombia"
663,1180663,"Tello, Huila, Colombia"
664,1180664,"Teruel, Huila, Colombia"
665,1180665,"Villavieja, Huila, Colombia"
666,1180666,"Yaguará, Huila, Colombia"
667,1180667,"Agrado, Huila, Colombia"
668,1180668,"Altamira, Huila, Colombia"
669,1180669,"Garzón, Huila, Colombia"
670,1180670,"Gigante, Huila, Colombia"
671,1180671,"Guadalupe, Huila, Colombia"
672,1180672,"Pital, Huila, Colombia"
673,1180673,"Suaza, Huila, Colombia"
674,1180674,"Tarqui, Huila, Colombia"
675,1180675,"La Argentina, Huila, Colombia"
676,1180676,"La Plata, Huila, Colombia"
677,1180677,"Nátaga, Huila, Colombia"
678,1180678,"Paicol, Huila, Colombia"
679,1180679,"Tesalia, Huila, Colombia"
680,1180680,"Acevedo, Huila, Colombia"
681,1180681,"Elías, Huila, Colombia"
682,1180682,"Isnos, Huila, Colombia"
683,1180683,"Oporapa, Huila, Colombia"
684,1180684,"Palestina, Huila, Colombia"
685,1180685,"Pitalito, Huila, Colombia"
686,1180686,"Saladoblanco, Huila, Colombia"
687,1180687,"San Agustín, Huila, Colombia"
688,1180688,"Timaná, Huila, Colombia"
689,1190689,"Albania, La Guajira, Colombia"
690,1190690,"Barrancas, La Guajira, Colombia"
691,1190691,"Dibulla, La Guajira, Colombia"
692,1190692,"Distracción, La Guajira, Colombia"
693,1190693,"El Molino, La Guajira, Colombia"
694,1190694,"Fonseca, La Guajira, Colombia"
695,1190695,"Hatonuevo, La Guajira, Colombia"
696,1190696,"La Jagua del Pilar, La Guajira, Colombia"
697,1190697,"Maicao, La Guajira, Colombia"
698,1190698,"Manaure, La Guajira, Colombia"
699,1190699,"Riohacha, La Guajira, Colombia"
700,1190700,"San Juan del Cesar, La Guajira, Colombia"
701,1190701,"Uribia, La Guajira, Colombia"
702,1190702,"Urumita, La Guajira, Colombia"
703,1190703,"Villanueva, La Guajira, Colombia"
704,1200704,"Algarrobo, Magdalena, Colombia"
705,1200705,"Aracataca, Magdalena, Colombia"
706,1200706,"Ariguaní, Magdalena, Colombia"
707,1200707,"Cerro de San Antonio, Magdalena, Colombia"
708,1200708,"Chibolo, Magdalena, Colombia"
709,1200709,"Ciénaga, Magdalena, Colombia"
710,1200710,"Concordia, Magdalena, Colombia"
711,1200711,"El Banco, Magdalena, Colombia"
712,1200712,"El Piñón, Magdalena, Colombia"
713,1200713,"El Retén, Magdalena, Colombia"
714,1200714,"Fundación, Magdalena, Colombia"
715,1200715,"Guamal, Magdalena, Colombia"
716,1200716,"Nueva Granada, Magdalena, Colombia"
717,1200717,"Pedraza, Magdalena, Colombia"
718,1200718,"Pijiño del Carmen, Magdalena, Colombia"
719,1200719,"Pivijay, Magdalena, Colombia"
720,1200720,"Plato, Magdalena, Colombia"
721,1200721,"Pueblo Viejo, Magdalena, Colombia"
722,1200722,"Remolino, Magdalena, Colombia"
723,1200723,"Sabanas de San Ángel, Magdalena, Colombia"
724,1200724,"Salamina, Magdalena, Colombia"
725,1200725,"San Sebastián de Buenavista, Magdalena, Colombia"
726,1200726,"San Zenón, Magdalena, Colombia"
727,1200727,"Santa Ana, Magdalena, Colombia"
728,1200728,"Santa Bárbara de Pinto, Magdalena, Colombia"
729,1200729,"Santa Marta, Magdalena, Colombia"
730,1200730,"Sitionuevo, Magdalena, Colombia"
731,1200731,"Tenerife, Magdalena, Colombia"
732,1200732,"Zapayán, Magdalena, Colombia"
733,1200733,"Zona Bananera, Magdalena, Colombia"
734,1210734,"Acacías, Meta, Colombia"
735,1210735,"Barranca de Upía, Meta, Colombia"
736,1210736,"Cabuyaro, Meta, Colombia"
737,1210737,"Castilla La Nueva, Meta, Colombia"
738,1210738,"Cubarral, Meta, Colombia"
739,1210739,"Cumaral, Meta, Colombia"
740,1210740,"El Calvario, Meta, Colombia"
741,1210741,"El Castillo, Meta, Colombia"
742,1210742,"El Dorado, Meta, Colombia"
743,1210743,"Fuente de Oro, Meta, Colombia"
744,1210744,"Granada, Meta, Colombia"
745,1210745,"Guamal, Meta, Colombia"
746,1210746,"La Macarena, Meta, Colombia"
747,1210747,"La Uribe, Meta, Colombia"
748,1210748,"Lejanías, Meta, Colombia"
749,1210749,"Mapiripán, Meta, Colombia"
750,1210750,"Mesetas, Meta, Colombia"
751,1210751,"Puerto Concordia, Meta, Colombia"
752,1210752,"Puerto Gaitán, Meta, Colombia"
753,1210753,"Puerto Lleras, Meta, Colombia"
754,1210754,"Puerto López, Meta, Colombia"
755,1210755,"Puerto Rico, Meta, Colombia"
756,1210756,"Restrepo, Meta, Colombia"
757,1210757,"San Carlos de Guaroa, Meta, Colombia"
758,1210758,"San Juan de Arama, Meta, Colombia"
759,1210759,"San Juanito, Meta, Colombia"
760,1210760,"San Martín, Meta, Colombia"
761,1210761,"Villavicencio, Meta, Colombia"
762,1210762,"Vista Hermos, Meta, Colombia"
763,1220763,"Barbacoas, Nariño, Colombia"
764,1220764,"El Charco, Nariño, Colombia"
765,1220765,"Francisco Pizarro, Nariño, Colombia"
766,1220766,"La Tola, Nariño, Colombia"
767,1220767,"Magüí Payán, Nariño, Colombia"
768,1220768,"Mosquera, Nariño, Colombia"
769,1220769,"Olaya Herrera, Nariño, Colombia"
770,1220770,"Roberto Payán, Nariño, Colombia"
771,1220771,"Santa Bárbara, Nariño, Colombia"
772,1220772,"Tumaco, Nariño, Colombia"
773,1220773,"Aldana, Nariño, Colombia"
774,1220774,"Contadero, Nariño, Colombia"
775,1220775,"Córdoba, Nariño, Colombia"
776,1220776,"Cuaspud, Nariño, Colombia"
777,1220777,"Cumbal, Nariño, Colombia"
778,1220778,"Funes, Nariño, Colombia"
779,1220779,"Guachucal, Nariño, Colombia"
780,1220780,"Gualmatán, Nariño, Colombia"
781,1220781,"Iles, Nariño, Colombia"
782,1220782,"Ipiales, Nariño, Colombia"
783,1220783,"Potosí, Nariño, Colombia"
784,1220784,"Puerres, Nariño, Colombia"
785,1220785,"Pupiales, Nariño, Colombia"
786,1220786,"Albán, Nariño, Colombia"
787,1220787,"Arboleda, Nariño, Colombia"
788,1220788,"Belén, Nariño, Colombia"
789,1220789,"Colón, Nariño, Colombia"
790,1220790,"El Rosario, Nariño, Colombia"
791,1220791,"El Tablón de Gómez, Nariño, Colombia"
792,1220792,"La Cruz, Nariño, Colombia"
793,1220793,"La Unión, Nariño, Colombia"
794,1220794,"Leiva, Nariño, Colombia"
795,1220795,"Policarpa, Nariño, Colombia"
796,1220796,"San Bernardo, Nariño, Colombia"
797,1220797,"San Lorenzo, Nariño, Colombia"
798,1220798,"San Pablo, Nariño, Colombia"
799,1220799,"San Pedro de Cartago, Nariño, Colombia"
800,1220800,"Taminango, Nariño, Colombia"
801,1220801,"Buesaco, Nariño, Colombia"
802,1220802,"Chachagüí, Nariño, Colombia"
803,1220803,"Consacá, Nariño, Colombia"
804,1220804,"El Peñol, Nariño, Colombia"
805,1220805,"El Tambo, Nariño, Colombia"
806,1220806,"La Florida, Nariño, Colombia"
807,1220807,"Nariño, Nariño, Colombia"
808,1220808,"Pasto, Nariño, Colombia"
809,1220809,"Sandoná, Nariño, Colombia"
810,1220810,"Tangua, Nariño, Colombia"
811,1220811,"Yacuanquer, Nariño, Colombia"
812,1220812,"Ancuya, Nariño, Colombia"
813,1220813,"Cumbitara, Nariño, Colombia"
814,1220814,"Guaitarilla, Nariño, Colombia"
815,1220815,"Imués, Nariño, Colombia"
816,1220816,"La Llanada, Nariño, Colombia"
817,1220817,"Linares, Nariño, Colombia"
818,1220818,"Los Andes, Nariño, Colombia"
819,1220819,"Mallama, Nariño, Colombia"
820,1220820,"Ospina, Nariño, Colombia"
821,1220821,"Providencia, Nariño, Colombia"
822,1220822,"Ricaurte, Nariño, Colombia"
823,1220823,"Samaniego, Nariño, Colombia"
824,1220824,"Santacruz, Nariño, Colombia"
825,1220825,"Sapuyes, Nariño, Colombia"
826,1220826,"Túquerres, Nariño, Colombia"
827,1230827,"Arboledas, Norte de Santander, Colombia"
828,1230828,"Cucutilla, Norte de Santander, Colombia"
829,1230829,"Gramalote, Norte de Santander, Colombia"
830,1230830,"Lourdes, Norte de Santander, Colombia"
831,1230831,"Salazar de Las Palmas, Norte de Santander, Colombia"
832,1230832,"Santiago, Norte de Santander, Colombia"
833,1230833,"Villa Caro, Norte de Santander, Colombia"
834,1230834,"Cúcuta, Norte de Santander, Colombia"
835,1230835,"El Zulia, Norte de Santander, Colombia"
836,1230836,"Los Patios, Norte de Santander, Colombia"
837,1230837,"Puerto Santander, Norte de Santander, Colombia"
838,1230838,"San Cayetano, Norte de Santander, Colombia"
839,1230839,"Villa del Rosario, Norte de Santander, Colombia"
840,1230840,"Bucarasica, Norte de Santander, Colombia"
841,1230841,"El Tarra, Norte de Santander, Colombia"
842,1230842,"Sardinata, Norte de Santander, Colombia"
843,1230843,"Tibú, Norte de Santander, Colombia"
844,1230844,"Ábrego, Norte de Santander, Colombia"
845,1230845,"Cáchira, Norte de Santander, Colombia"
846,1230846,"Convención, Norte de Santander, Colombia"
847,1230847,"El Carmen, Norte de Santander, Colombia"
848,1230848,"Hacarí, Norte de Santander, Colombia"
849,1230849,"La Esperanza, Norte de Santander, Colombia"
850,1230850,"La Playa de Belén, Norte de Santander, Colombia"
851,1230851,"Ocaña, Norte de Santander, Colombia"
852,1230852,"San Calixto, Norte de Santander, Colombia"
853,1230853,"Teorama, Norte de Santander, Colombia"
854,1230854,"Cácota, Norte de Santander, Colombia"
855,1230855,"Chitagá, Norte de Santander, Colombia"
856,1230856,"Mutiscua, Norte de Santander, Colombia"
857,1230857,"Pamplona, Norte de Santander, Colombia"
858,1230858,"Pamplonita, Norte de Santander, Colombia"
859,1230859,"Santo Domingo de Silos, Norte de Santander, Colombia"
860,1230860,"Bochalema, Norte de Santander, Colombia"
861,1230861,"Chinácota, Norte de Santander, Colombia"
862,1230862,"Durania, Norte de Santander, Colombia"
863,1230863,"Herrán, Norte de Santander, Colombia"
864,1230864,"Labateca, Norte de Santander, Colombia"
865,1230865,"Ragonvalia, Norte de Santander, Colombia"
866,1230866,"Toledo, Norte de Santander, Colombia"
867,1240867,"Colón, Putumayo, Colombia"
868,1240868,"Mocoa, Putumayo, Colombia"
869,1240869,"Orito, Putumayo, Colombia"
870,1240870,"Puerto Asís, Putumayo, Colombia"
871,1240871,"Puerto Caicedo, Putumayo, Colombia"
872,1240872,"Puerto Guzmán, Putumayo, Colombia"
873,1240873,"Puerto Leguízamo, Putumayo, Colombia"
874,1240874,"San Francisco, Putumayo, Colombia"
875,1240875,"San Miguel, Putumayo, Colombia"
876,1240876,"Santiago, Putumayo, Colombia"
877,1240877,"Sibundoy, Putumayo, Colombia"
878,1240878,"Valle del Guamuez, Putumayo, Colombia"
879,1240879,"Villagarzón, Putumayo, Colombia"
880,1250880,"Armenia, Quindío, Colombia"
881,1250881,"Buenavista, Quindío, Colombia"
882,1250882,"Calarcá, Quindío, Colombia"
883,1250883,"Circasia, Quindío, Colombia"
884,1250884,"Córdoba, Quindío, Colombia"
885,1250885,"Filandia, Quindío, Colombia"
886,1250886,"Génova, Quindío, Colombia"
887,1250887,"La Tebaida, Quindío, Colombia"
888,1250888,"Montenegro, Quindío, Colombia"
889,1250889,"Pijao, Quindío, Colombia"
890,1250890,"Quimbaya, Quindío, Colombia"
891,1250891,"Salento, Quindío, Colombia"
892,1260892,"Apía, Risaralda, Colombia"
893,1260893,"Balboa, Risaralda, Colombia"
894,1260894,"Belén de Umbría, Risaralda, Colombia"
895,1260895,"Dosquebradas, Risaralda, Colombia"
896,1260896,"Guática, Risaralda, Colombia"
897,1260897,"La Celia, Risaralda, Colombia"
898,1260898,"La Virginia, Risaralda, Colombia"
899,1260899,"Marsella, Risaralda, Colombia"
900,1260900,"Mistrató, Risaralda, Colombia"
901,1260901,"Pereira, Risaralda, Colombia"
902,1260902,"Pueblo Rico, Risaralda, Colombia"
903,1260903,"Quinchía, Risaralda, Colombia"
904,1260904,"Santa Rosa de Cabal, Risaralda, Colombia"
905,1260905,"Santuario, Risaralda, Colombia"
906,1270906,"San Andres, San Andres y Providencia, Colombia"
907,1270907,"Providencia, San Andres y Providencia, Colombia"
908,1280908,"Aguada, Santander, Colombia"
909,1280909,"Albania, Santander, Colombia"
910,1280910,"Aratoca, Santander, Colombia"
911,1280911,"Barbosa, Santander, Colombia"
912,1280912,"Barichara, Santander, Colombia"
913,1280913,"Barrancabermeja, Santander, Colombia"
914,1280914,"Betulia, Santander, Colombia"
915,1280915,"Bolívar, Santander, Colombia"
916,1280916,"Bucaramanga, Santander, Colombia"
917,1280917,"Cabrera, Santander, Colombia"
918,1280918,"California, Santander, Colombia"
919,1280919,"Capitanejo, Santander, Colombia"
920,1280920,"Carcasí, Santander, Colombia"
921,1280921,"Cepitá, Santander, Colombia"
922,1280922,"Cerrito, Santander, Colombia"
923,1280923,"Charalá, Santander, Colombia"
924,1280924,"Charta, Santander, Colombia"
925,1280925,"Chima, Santander, Colombia"
926,1280926,"Chipatá, Santander, Colombia"
927,1280927,"Cimitarra, Santander, Colombia"
928,1280928,"Concepción, Santander, Colombia"
929,1280929,"Confines, Santander, Colombia"
930,1280930,"Contratación, Santander, Colombia"
931,1280931,"Coromoro, Santander, Colombia"
932,1280932,"Curití, Santander, Colombia"
933,1280933,"El Carmen de Chucurí, Santander, Colombia"
934,1280934,"El Guacamayo, Santander, Colombia"
935,1280935,"El Peñón, Santander, Colombia"
936,1280936,"El Playón, Santander, Colombia"
937,1280937,"Encino, Santander, Colombia"
938,1280938,"Enciso, Santander, Colombia"
939,1280939,"Florián, Santander, Colombia"
940,1280940,"Floridablanca, Santander, Colombia"
941,1280941,"Galán, Santander, Colombia"
942,1280942,"Gámbita, Santander, Colombia"
943,1280943,"Girón, Santander, Colombia"
944,1280944,"Guaca, Santander, Colombia"
945,1280945,"Guadalupe, Santander, Colombia"
946,1280946,"Guapotá, Santander, Colombia"
947,1280947,"Guavatá, Santander, Colombia"
948,1280948,"Güepsa, Santander, Colombia"
949,1280949,"Hato, Santander, Colombia"
950,1280950,"Jesús María, Santander, Colombia"
951,1280951,"Jordán, Santander, Colombia"
952,1280952,"La Belleza, Santander, Colombia"
953,1280953,"La Paz, Santander, Colombia"
954,1280954,"Landázuri, Santander, Colombia"
955,1280955,"Lebrija, Santander, Colombia"
956,1280956,"Los Santos, Santander, Colombia"
957,1280957,"Macaravita, Santander, Colombia"
958,1280958,"Málaga, Santander, Colombia"
959,1280959,"Matanza, Santander, Colombia"
960,1280960,"Mogotes, Santander, Colombia"
961,1280961,"Molagavita, Santander, Colombia"
962,1280962,"Ocamonte, Santander, Colombia"
963,1280963,"Oiba, Santander, Colombia"
964,1280964,"Onzaga, Santander, Colombia"
965,1280965,"Palmar, Santander, Colombia"
966,1280966,"Palmas del Socorro, Santander, Colombia"
967,1280967,"Páramo, Santander, Colombia"
968,1280968,"Piedecuesta, Santander, Colombia"
969,1280969,"Pinchote, Santander, Colombia"
970,1280970,"Puente Nacional, Santander, Colombia"
971,1280971,"Puerto Parra, Santander, Colombia"
972,1280972,"Puerto Wilches, Santander, Colombia"
973,1280973,"Rionegro, Santander, Colombia"
974,1280974,"Sabana de Torres, Santander, Colombia"
975,1280975,"San Andrés, Santander, Colombia"
976,1280976,"San Benito, Santander, Colombia"
977,1280977,"San Gil, Santander, Colombia"
978,1280978,"San Joaquín, Santander, Colombia"
979,1280979,"San José de Miranda, Santander, Colombia"
980,1280980,"San Miguel, Santander, Colombia"
981,1280981,"San Vicente de Chucurí, Santander, Colombia"
982,1280982,"Santa Bárbara, Santander, Colombia"
983,1280983,"Santa Helena del Opón, Santander, Colombia"
984,1280984,"Simacota, Santander, Colombia"
985,1280985,"Socorro, Santander, Colombia"
986,1280986,"Suaita, Santander, Colombia"
987,1280987,"Sucre, Santander, Colombia"
988,1280988,"Suratá, Santander, Colombia"
989,1280989,"Tona, Santander, Colombia"
990,1280990,"Valle de San José, Santander, Colombia"
991,1280991,"Vélez, Santander, Colombia"
992,1280992,"Vetas, Santander, Colombia"
993,1280993,"Villanueva, Santander, Colombia"
994,1280994,"Zapatoca, Santander, Colombia"
995,1290995,"Guaranda, Sucre, Colombia"
996,1290996,"Majagual, Sucre, Colombia"
997,1290997,"Sucre, Sucre, Colombia"
998,1290998,"Chalán, Sucre, Colombia"
999,1290999,"Colosó, Sucre, Colombia"
1000,1291000,"Morroa, Sucre, Colombia"
1001,1291001,"Ovejas, Sucre, Colombia"
1002,1291002,"Sincelejo, Sucre, Colombia"
1003,1291003,"Coveñas, Sucre, Colombia"
1004,1291004,"Palmito, Sucre, Colombia"
1005,1291005,"San Onofre, Sucre, Colombia"
1006,1291006,"Santiago de Tolú, Sucre, Colombia"
1007,1291007,"Tolúviejo, Sucre, Colombia"
1008,1291008,"Buenavista, Sucre, Colombia"
1009,1291009,"Corozal, Sucre, Colombia"
1010,1291010,"El Roble, Sucre, Colombia"
1011,1291011,"Galeras, Sucre, Colombia"
1012,1291012,"Los Palmitos, Sucre, Colombia"
1013,1291013,"Sampués, Sucre, Colombia"
1014,1291014,"San Juan de Betulia, Sucre, Colombia"
1015,1291015,"San Pedro, Sucre, Colombia"
1016,1291016,"Sincé, Sucre, Colombia"
1017,1291017,"Caimito, Sucre, Colombia"
1018,1291018,"La Unión, Sucre, Colombia"
1019,1291019,"San Benito Abad, Sucre, Colombia"
1020,1291020,"San Marcos, Sucre, Colombia"
1021,1301021,"Alvarado, Tolima, Colombia"
1022,1301022,"Anzoátegui, Tolima, Colombia"
1023,1301023,"Cajamarca, Tolima, Colombia"
1024,1301024,"Coello, Tolima, Colombia"
1025,1301025,"Espinal, Tolima, Colombia"
1026,1301026,"Flandes, Tolima, Colombia"
1027,1301027,"Ibagué, Tolima, Colombia"
1028,1301028,"Piedras, Tolima, Colombia"
1029,1301029,"Rovira, Tolima, Colombia"
1030,1301030,"San Luis, Tolima, Colombia"
1031,1301031,"Valle de San Juan, Tolima, Colombia"
1032,1301032,"Casabianca, Tolima, Colombia"
1033,1301033,"Herveo, Tolima, Colombia"
1034,1301034,"Lérida, Tolima, Colombia"
1035,1301035,"Líbano, Tolima, Colombia"
1036,1301036,"Murillo, Tolima, Colombia"
1037,1301037,"Santa Isabel, Tolima, Colombia"
1038,1301038,"Venadillo, Tolima, Colombia"
1039,1301039,"Villahermosa, Tolima, Colombia"
1040,1301040,"Ambalema, Tolima, Colombia"
1041,1301041,"Armero, Tolima, Colombia"
1042,1301042,"Falan, Tolima, Colombia"
1043,1301043,"Fresno, Tolima, Colombia"
1044,1301044,"Honda, Tolima, Colombia"
1045,1301045,"Mariquita, Tolima, Colombia"
1046,1301046,"Palocabildo, Tolima, Colombia"
1047,1301047,"Carmen de Apicalá, Tolima, Colombia"
1048,1301048,"Cunday, Tolima, Colombia"
1049,1301049,"Icononzo, Tolima, Colombia"
1050,1301050,"Melgar, Tolima, Colombia"
1051,1301051,"Villarrica, Tolima, Colombia"
1052,1301052,"Ataco, Tolima, Colombia"
1053,1301053,"Chaparral, Tolima, Colombia"
1054,1301054,"Coyaima, Tolima, Colombia"
1055,1301055,"Natagaima, Tolima, Colombia"
1056,1301056,"Ortega, Tolima, Colombia"
1057,1301057,"Planadas, Tolima, Colombia"
1058,1301058,"Rioblanco, Tolima, Colombia"
1059,1301059,"Roncesvalles, Tolima, Colombia"
1060,1301060,"San Antonio, Tolima, Colombia"
1061,1301061,"Alpujarra, Tolima, Colombia"
1062,1301062,"Dolores, Tolima, Colombia"
1063,1301063,"Guamo, Tolima, Colombia"
1064,1301064,"Prado, Tolima, Colombia"
1065,1301065,"Purificación, Tolima, Colombia"
1066,1301066,"Saldaña, Tolima, Colombia"
1067,1301067,"Suárez, Tolima, Colombia"
1068,1311068,"Alcalá, Valle del Cauca, Colombia"
1069,1311069,"Andalucía, Valle del Cauca, Colombia"
1070,1311070,"Ansermanuevo, Valle del Cauca, Colombia"
1071,1311071,"Argelia, Valle del Cauca, Colombia"
1072,1311072,"Bolívar, Valle del Cauca, Colombia"
1073,1311073,"Buenaventura, Valle del Cauca, Colombia"
1074,1311074,"Buga, Valle del Cauca, Colombia"
1075,1311075,"Bugalagrande, Valle del Cauca, Colombia"
1076,1311076,"Caicedonia, Valle del Cauca, Colombia"
1077,1311077,"Cali, Valle del Cauca, Colombia"
1078,1311078,"Calima - El Darién, Valle del Cauca, Colombia"
1079,1311079,"Candelaria, Valle del Cauca, Colombia"
1080,1311080,"Cartago, Valle del Cauca, Colombia"
1081,1311081,"Dagua, Valle del Cauca, Colombia"
1082,1311082,"El Águila, Valle del Cauca, Colombia"
1083,1311083,"El Cairo, Valle del Cauca, Colombia"
1084,1311084,"El Cerrito, Valle del Cauca, Colombia"
1085,1311085,"El Dovio, Valle del Cauca, Colombia"
1086,1311086,"Florida, Valle del Cauca, Colombia"
1087,1311087,"Ginebra, Valle del Cauca, Colombia"
1088,1311088,"Guacarí, Valle del Cauca, Colombia"
1089,1311089,"Jamundí, Valle del Cauca, Colombia"
1090,1311090,"La Cumbre, Valle del Cauca, Colombia"
1091,1311091,"La Unión, Valle del Cauca, Colombia"
1092,1311092,"La Victoria, Valle del Cauca, Colombia"
1093,1311093,"Obando, Valle del Cauca, Colombia"
1094,1311094,"Palmira, Valle del Cauca, Colombia"
1095,1311095,"Pradera, Valle del Cauca, Colombia"
1096,1311096,"Restrepo, Valle del Cauca, Colombia"
1097,1311097,"Riofrío, Valle del Cauca, Colombia"
1098,1311098,"Roldanillo, Valle del Cauca, Colombia"
1099,1311099,"San Pedro, Valle del Cauca, Colombia"
1100,1311100,"Sevilla, Valle del Cauca, Colombia"
1101,1311101,"Toro, Valle del Cauca, Colombia"
1102,1311102,"Trujillo, Valle del Cauca, Colombia"
1103,1311103,"Tuluá, Valle del Cauca, Colombia"
1104,1311104,"Ulloa, Valle del Cauca, Colombia"
1105,1311105,"Versalles, Valle del Cauca, Colombia"
1106,1311106,"Vijes, Valle del Cauca, Colombia"
1107,1311107,"Yotoco, Valle del Cauca, Colombia"
1108,1311108,"Yumbo, Valle del Cauca, Colombia"
1109,1311109,"Zarzal, Valle del Cauca, Colombia"
1110,1321110,"Carurú, Vaupés, Colombia"
1111,1321111,"Mitú, Vaupés, Colombia"
1112,1321112,"Pacoa, Vaupés, Colombia"
1113,1321113,"Papunaua, Vaupés, Colombia"
1114,1321114,"Taraira, Vaupés, Colombia"
1115,1321115,"Yavaraté, Vaupés, Colombia"
1116,1321116,"Bugalagrande, Vaupés, Colombia"
1117,1331117,"Cumaribo, Vichada, Colombia"
1118,1331118,"La Primavera, Vichada, Colombia"
1119,1331119,"Puerto Carreño, Vichada, Colombia"
1120,1331120,"Santa Rosalía, Vichada, Colombia"